Titel;Album;Interpret;Jahr
Just A Normal Day;Crisis? What Crisis;Supertramp;1975
Black Diamond Bay;Desire;Bob Dylan;1975
Drifter's Escape;John Wesley Harding;Bob Dylan;1967
Waiting So Long;The Very Best Of Supertramp Vol. 2;Supertramp;1992
Desolation Row;Highway 61 Revisited;Bob Dylan;1965
Stack A Lee;World Gone Wrong;Bob Dylan;1993
Don't Think Twice, It's All Right;The Best Of Bob Dylan;Bob Dylan;1997
Crime Of The Century;Retrospectacle - The Supertramp Anthology;Supertramp;2005
Seeing The Real You At Last;Empire Burlesque;Bob Dylan;1985
Like A Rolling Stone (live);Self Portrait;Bob Dylan;1970
High Water;Love And Theft;Bob Dylan;2001
An Awful Thing To Waste;Free As A Bird;Supertramp;1987
Rosie Had Everything Planned;Indelibly Stamped;Supertramp;1971
Crime Of The Century;The Very Best Of Supertramp;Supertramp;1990
Emotionally Yours;Empire Burlesque;Bob Dylan;1985
When You Awake (live);Before The Flood;Bob Dylan;1974
Spirit On The Water;Modern Times;Bob Dylan;2006
Summer Romance;Retrospectacle - The Supertramp Anthology;Supertramp;2005
Sister Moonshine;Crisis? What Crisis;Supertramp;1975
Where There's A Will;Some Things Never Change;Supertramp;1997
Big Yellow Taxi;Dylan;Bob Dylan;1973
Crime Of The Century (live);Paris;Supertramp;1980
Better Days;Brother Where You Bound;Supertramp;1985
Shelter From The Storm;The Best Of Bob Dylan;Bob Dylan;1997
Take The Long Way Home (live);Paris;Supertramp;1980
Final Theme ('Pat Garrett And Billy The Kid');Pat Garrett And Billy The Kid;Bob Dylan;1973
Little By Little;Slow Motion;Supertramp;2002
Orange Juice Blues (Blues For Breakfast);The Basement Tapes;Bob Dylan;1975
It's Raining Again;The Very Best Of Supertramp;Supertramp;1990
It's A Hard World;Some Things Never Change;Supertramp;1997
Rudy;The Very Best Of Supertramp;Supertramp;1990
My Kind Of Lady;Retrospectacle - The Supertramp Anthology;Supertramp;2005
Main Tittle Theme (Billy);Pat Garrett And Billy The Kid;Bob Dylan;1973
Take The Long Way Home;The Very Best Of Supertramp;Supertramp;1990
Knockin' On Heaven's Door;Pat Garrett And Billy The Kid;Bob Dylan;1973
Dreamer (live);Paris;Supertramp;1980
You Never Can Tell With Friends;Free As A Bird;Supertramp;1987
Just Like A Woman;The Best Of Bob Dylan;Bob Dylan;1997
The Mighty Quinn (live);Self Portrait;Bob Dylan;1970
Bloody Well Right;Retrospectacle - The Supertramp Anthology;Supertramp;2005
Dreamer;Retrospectacle - The Supertramp Anthology;Supertramp;2005
Knockin' On Heaven's Door;The Best Of Bob Dylan;Bob Dylan;1997
Thing For You;Free As A Bird;Supertramp;1987
Surely;Supertramp;Supertramp;1970
House Of The Risin' Sun;Bob Dylan;Bob Dylan;1962
Don't Leave Me Now;Famous Last Words;Supertramp;1982
Free As A Bird;The Very Best Of Supertramp Vol. 2;Supertramp;1992
Someday Baby;Modern Times;Bob Dylan;2006
Tangled Up In Blue;The Best Of Bob Dylan;Bob Dylan;1997
On A Night Like This;Planet Waves;Bob Dylan;1974
Lover Boy;Even In The Quietest Moments;Supertramp;1977
Quinn The Eskimo;The Best Of Bob Dylan Volume 2;Bob Dylan;2000
Delia;World Gone Wrong;Bob Dylan;1993
Long Distance Operator;The Basement Tapes;Bob Dylan;1975
Stuck Inside Of Mobile With The Memphis Blues Again (live);Hard Rain;Bob Dylan;1976
Goodbye Stranger;Breakfast In America;Supertramp;1979
And The Light (live);It Was The Best Of Times;Supertramp;1999
Romance In Durango;Desire;Bob Dylan;1975
Please,Mrs. Henry;The Basement Tapes;Bob Dylan;1975
It's Alright;Free As A Bird;Supertramp;1987
Bloody Well Right;Crime Of The Century;Supertramp;1974
You Started Laughing (live);Paris;Supertramp;1980
Hide In Your Shell;The Very Best Of Supertramp;Supertramp;1990
Gotta Serve Somebody;Slow Train Coming;Bob Dylan;1979
Wedding Song;Planet Waves;Bob Dylan;1974
Mr. Bojangles;Dylan;Bob Dylan;1973
Cannonball;Retrospectacle - The Supertramp Anthology;Supertramp;2005
Lily of the West;Dylan;Bob Dylan;1973
Help Me Down That Road;Some Things Never Change;Supertramp;1997
Shot Of Love;Shot Of Love;Bob Dylan;1981
It's A Long Road;Supertramp;Supertramp;1970
Rainy Day Women Nos. 12 + 35 (live);MTV Unplugged;Bob Dylan;1994
Tombstone Blues (live);MTV Unplugged;Bob Dylan;1994
Cry A While;Love And Theft;Bob Dylan;2001
Give A Little Bit;The Very Best Of Supertramp;Supertramp;1990
Just Another Nervous Wreck;The Very Best Of Supertramp Vol. 2;Supertramp;1992
I Shall Be Free - No. 10;Another Side Of Bob Dylan;Bob Dylan;1964
A Sting In The Tail;Slow Motion;Supertramp;2002
Even In The Quietest Moments;Retrospectacle - The Supertramp Anthology;Supertramp;2005
No Time To Think;Street Legal;Bob Dylan;1978
Nettie Moore;Modern Times;Bob Dylan;2006
My Back Pages;Another Side Of Bob Dylan;Bob Dylan;1964
Do Right To Me Baby;Slow Train Coming;Bob Dylan;1979
Waiting So Long;Famous Last Words;Supertramp;1982
Don't Fall Apart On Me Tonight;Infidels;Bob Dylan;1983
Ugliest Girl In The World;Down In The Groove;Bob Dylan;1988
My Kind Of Lady;The Very Best Of Supertramp Vol. 2;Supertramp;1992
Fool's Overture;Even In The Quietest Moments;Supertramp;1977
John Brown (live);MTV Unplugged;Bob Dylan;1994
You're A Big Girl Now (live);Hard Rain;Bob Dylan;1976
Sign On The Window;New Morning;Bob Dylan;1970
You Wanna Ramble;Knocked Out Loaded;Bob Dylan;1986
Endless Highway (live);Before The Flood;Bob Dylan;1974
C'est What;Some Things Never Change;Supertramp;1997
Stage Fright (live);Before The Flood;Bob Dylan;1974
I Shall Be Released;The Best Of Bob Dylan;Bob Dylan;1997
You Win I Lose;Some Things Never Change;Supertramp;1997
Crash On The Levee (Down In The Flood);The Basement Tapes;Bob Dylan;1975
With God On Our Side (live);MTV Unplugged;Bob Dylan;1994
What Was It You Wanted;Oh Mercy;Bob Dylan;1989
It's Raining Again;Breakfast In America;Supertramp;1979
Apple Sucking Tree;The Basement Tapes;Bob Dylan;1975
My Kind of Lady;Famous Last Words;Supertramp;1982
Asylum (live);Paris;Supertramp;1980
Maggie's Farm (live);Hard Rain;Bob Dylan;1976
Rudy;Retrospectacle - The Supertramp Anthology;Supertramp;2005
From Now On (live);Paris;Supertramp;1980
Shenandoah;Down In The Groove;Bob Dylan;1988
Know Who You Are;Famous Last Words;Supertramp;1982
Days Of 49;Self Portrait;Bob Dylan;1970
Solid Rock;Saved;Bob Dylan;1980
True Love Tends To Forget;Street Legal;Bob Dylan;1978
Friend In Need;Indelibly Stamped;Supertramp;1971
The Boxer;Self Portrait;Bob Dylan;1970
Rudy (live);Paris;Supertramp;1980
Broken Hearted;Slow Motion;Supertramp;2002
Union Sundown;Infidels;Bob Dylan;1983
When The Night Comes Falling From The Sky;Empire Burlesque;Bob Dylan;1985
I Want You;The Best Of Bob Dylan Volume 2;Bob Dylan;2000
In Search Of Little Sadie;Self Portrait;Bob Dylan;1970
Living The Blues;Self Portrait;Bob Dylan;1970
Hide In Your Shell;Crime Of The Century;Supertramp;1974
Lady;The Very Best Of Supertramp Vol. 2;Supertramp;1992
Mississippi;Love And Theft;Bob Dylan;2001
It's Raining Again;Retrospectacle - The Supertramp Anthology;Supertramp;2005
Jokerman;Infidels;Bob Dylan;1983
If Not For You;New Morning;Bob Dylan;1970
Oh, Sister;The Best Of Bob Dylan;Bob Dylan;1997
The Ballad Of Frankie Lee And Judas Priest;John Wesley Harding;Bob Dylan;1967
I'll Be Your Baby Tonight;The Best Of Bob Dylan Volume 2;Bob Dylan;2000
It Takes A Lot To Laugh It Takes A Train To Cry;Highway 61 Revisited;Bob Dylan;1965
Cantina Theme;Pat Garrett And Billy The Kid;Bob Dylan;1973
Forever Young;Planet Waves;Bob Dylan;1974
Girl From The North Country;Nashville Skyline;Bob Dylan;1969
What Good Am I;Oh Mercy;Bob Dylan;1989
Rainy Day Women Nos. 12 + 35;Blonde On Blonde;Bob Dylan;1966
Too Much Of Nothing;The Basement Tapes;Bob Dylan;1975
Minstrel Boy (live);Self Portrait;Bob Dylan;1970
Gospel Plow;Bob Dylan;Bob Dylan;1962
Knockin' On Heaven's Door (live);MTV Unplugged;Bob Dylan;1994
Nothing Was Delivered;The Basement Tapes;Bob Dylan;1975
Highway 61 Revisited (live);Before The Flood;Bob Dylan;1974
Workingman's Blues #2;Modern Times;Bob Dylan;2006
She's No Good;Bob Dylan;Bob Dylan;1962
The Groom's Still Waiting At The Altar;Shot Of Love;Bob Dylan;1981
Take Me As I Am;Self Portrait;Bob Dylan;1970
Ain't Nobody But Me;Crisis? What Crisis;Supertramp;1975
Just Like A Woman;Blonde On Blonde;Bob Dylan;1966
Going, Going, Gone;Planet Waves;Bob Dylan;1974
New Pony;Street Legal;Bob Dylan;1978
The Wicked Messenger;John Wesley Harding;Bob Dylan;1967
Father Of Night;New Morning;Bob Dylan;1970
A Satisfied Mind;Saved;Bob Dylan;1980
Blowin' In The Wind;The Best Of Bob Dylan;Bob Dylan;1997
All Along The Watchtower;John Wesley Harding;Bob Dylan;1967
Canadee-I-O;Good As I Been To You;Bob Dylan;1992
Mr. Tambourine Man;Bringing It All Back Home;Bob Dylan;1965
A Soapbox Opera;The Very Best Of Supertramp Vol. 2;Supertramp;1992
And The Light;Some Things Never Change;Supertramp;1997
Blowin' In The Wind (live);The Best Of Bob Dylan Volume 2;Bob Dylan;2000
Bee In Your Bonnet;Slow Motion;Supertramp;2002
Ten Thousand Men;Under The Red Sky;Bob Dylan;1990
Another Man's Woman;Crisis? What Crisis;Supertramp;1975
Turkey Chase;Pat Garrett And Billy The Kid;Bob Dylan;1973
T.V. Talkin' Song;Under The Red Sky;Bob Dylan;1990
I And I;Infidels;Bob Dylan;1983
All Along The Watchtower (live);MTV Unplugged;Bob Dylan;1994
Travelled;Indelibly Stamped;Supertramp;1971
Oh Darling;Retrospectacle - The Supertramp Anthology;Supertramp;2005
Fool's Overture (live);Paris;Supertramp;1980
Where I Stand;Free As A Bird;Supertramp;1987
Saving Grace;Saved;Bob Dylan;1980
Can't Help Falling in Love;Dylan;Bob Dylan;1973
Simple Twist Of Fate;The Best Of Bob Dylan Volume 2;Bob Dylan;2000
In The Garden;Saved;Bob Dylan;1980
All Along The Watchtower (live);Before The Flood;Bob Dylan;1974
Where Are You Tonight;Street Legal;Bob Dylan;1978
Dignity;The Best Of Bob Dylan Volume 2;Bob Dylan;2000
Babaji;Even In The Quietest Moments;Supertramp;1977
It Doesn't Matter;Free As A Bird;Supertramp;1987
From Now On (live);It Was The Best Of Times;Supertramp;1999
Rudy;Crime Of The Century;Supertramp;1974
If You See Her, Say Hello;Blood On The Tracks;Bob Dylan;1975
You're A Big Girl Now;Blood On The Tracks;Bob Dylan;1975
Brownsville Girl;Knocked Out Loaded;Bob Dylan;1986
Asylum;Crime Of The Century;Supertramp;1974
Up On Cripple Creek (live);Before The Flood;Bob Dylan;1974
School;Crime Of The Century;Supertramp;1974
Goodbye Stranger;Retrospectacle - The Supertramp Anthology;Supertramp;2005
Not Dark Yet;Time Out Of Mind;Bob Dylan;1997
Billy 4;Pat Garrett And Billy The Kid;Bob Dylan;1973
Belle Isle;Self Portrait;Bob Dylan;1970
You Win I Lose (live);It Was The Best Of Times;Supertramp;1999
From A Buick Six;Highway 61 Revisited;Bob Dylan;1965
Free As A Bird;Free As A Bird;Supertramp;1987
Aubade And I Am Not Like The Other Birds Of Prey;Supertramp;Supertramp;1970
Blowin' In The Wind;Before The Flood;Bob Dylan;1974
The Logical Song;The Very Best Of Supertramp;Supertramp;1990
Black Crow Blues;Another Side Of Bob Dylan;Bob Dylan;1964
Lonesome Day Blues;Love And Theft;Bob Dylan;2001
Neighborhood Bully;Infidels;Bob Dylan;1983
Lay Lady Lay (live);Hard Rain;Bob Dylan;1976
Get Your Act Together;Some Things Never Change;Supertramp;1997
Put On Your Old Brown Shoes;Famous Last Words;Supertramp;1982
When The Deal Goes Down;Modern Times;Bob Dylan;2006
To Ramona;Another Side Of Bob Dylan;Bob Dylan;1964
One Of Us Must Know;Blonde On Blonde;Bob Dylan;1966
Surely;Retrospectacle - The Supertramp Anthology;Supertramp;2005
Just Another Nervous Wreck;Breakfast In America;Supertramp;1979
Rainy Day Women #12 & 35 (live);Before The Flood;Bob Dylan;1974
C'est le bon;Famous Last Words;Supertramp;1982
Give A Little Bit;Breakfast In America;Supertramp;1979
Mozambique;Desire;Bob Dylan;1975
Under Your Spell;Knocked Out Loaded;Bob Dylan;1986
The Logical Song;Retrospectacle - The Supertramp Anthology;Supertramp;2005
What Can I Do For You;Saved;Bob Dylan;1980
Isis;Desire;Bob Dylan;1975
Downstream;The Very Best Of Supertramp Vol. 2;Supertramp;1992
Ballad In Plain D;Another Side Of Bob Dylan;Bob Dylan;1964
Coming Home To See You;Indelibly Stamped;Supertramp;1971
Summer Days;Love And Theft;Bob Dylan;2001
Gates Of Eden;Bringing It All Back Home;Bob Dylan;1965
Jack-A-Roe;World Gone Wrong;Bob Dylan;1993
Man Of Peace;Infidels;Bob Dylan;1983
Rank Strangers To Me;Down In The Groove;Bob Dylan;1988
It's All Over Now Baby Blue;Bringing It All Back Home;Bob Dylan;1965
She Belongs To Me (live);Self Portrait;Bob Dylan;1970
Fool Such as I;Dylan;Bob Dylan;1973
Ain't Nobody But Me (live);Paris;Supertramp;1980
Three Angels;New Morning;Bob Dylan;1970
Tough Mama;Planet Waves;Bob Dylan;1974
Oh Darling;The Very Best Of Supertramp Vol. 2;Supertramp;1992
It's Raining Again;Famous Last Words;Supertramp;1982
Brother Where You Bound;Brother Where You Bound;Supertramp;1985
One Too Many Mornings (live);Hard Rain;Bob Dylan;1976
She Belongs To Me;Bringing It All Back Home;Bob Dylan;1965
If Not For You;The Best Of Bob Dylan;Bob Dylan;1997
Sweetheart Like You;Infidels;Bob Dylan;1983
Goodbye Stranger;The Very Best Of Supertramp;Supertramp;1990
Take The Long Way Home;Breakfast In America;Supertramp;1979
I'll Be Your Baby Tonight;John Wesley Harding;Bob Dylan;1967
Like A Rolling Stone (live);Before The Flood;Bob Dylan;1974
Time Passes Slowly;New Morning;Bob Dylan;1970
Lily, Rosemary And The Jack Of Hearts;Blood On The Tracks;Bob Dylan;1975
Everything Is Broken;The Best Of Bob Dylan;Bob Dylan;1997
Knockin' On Heaven's Door (live);Before The Flood;Bob Dylan;1974
Gotta Travel On;Self Portrait;Bob Dylan;1970
Alberta #1;Self Portrait;Bob Dylan;1970
Silvio;Down In The Groove;Bob Dylan;1988
Highway 61 Revisited;Highway 61 Revisited;Bob Dylan;1965
Don't Think Twice,It's All Right (live);Before The Flood;Bob Dylan;1974
Never Gonna Be The Same Again;Empire Burlesque;Bob Dylan;1985
Shelter From The Storm;Blood On The Tracks;Bob Dylan;1975
Wiggle Wiggle;Under The Red Sky;Bob Dylan;1990
Sister Moonshine;Retrospectacle - The Supertramp Anthology;Supertramp;2005
Pretty Peggy-0;Bob Dylan;Bob Dylan;1962
Yazoo Street Scandal;The Basement Tapes;Bob Dylan;1975
Bunkhouse Theme;Pat Garrett And Billy The Kid;Bob Dylan;1973
Disease Of Conceit;Oh Mercy;Bob Dylan;1989
Early Mornin' Rain;Self Portrait;Bob Dylan;1970
Absolutely Sweet Marie;Blonde On Blonde;Bob Dylan;1966
One More Cup Of Coffee;Desire;Bob Dylan;1975
Unbelievable;Under The Red Sky;Bob Dylan;1990
Highway 51 Blues;Bob Dylan;Bob Dylan;1962
Hazel;Planet Waves;Bob Dylan;1974
Just Like A Woman (live);Before The Flood;Bob Dylan;1974
Hide In Your Shell;Breakfast In America;Supertramp;1979
Ballad Of A Thin Man;Highway 61 Revisited;Bob Dylan;1965
Buckets Of Rain;Blood On The Tracks;Bob Dylan;1975
Bloody Well Right (live);It Was The Best Of Times;Supertramp;1999
Dead Man, Dead Man;Shot Of Love;Bob Dylan;1981
From Now On;Retrospectacle - The Supertramp Anthology;Supertramp;2005
Oh,Sister (live);Hard Rain;Bob Dylan;1976
When He Returns;Slow Train Coming;Bob Dylan;1979
Gonna Change My Way Of Thinking;Slow Train Coming;Bob Dylan;1979
Political World;Oh Mercy;Bob Dylan;1989
Ain't Talkin';Modern Times;Bob Dylan;2006
Positively Fourth Street;The Best Of Bob Dylan Volume 2;Bob Dylan;2000
Talkin' New York;Bob Dylan;Bob Dylan;1962
Home Again;Supertramp;Supertramp;1970
Shooting Star;Oh Mercy;Bob Dylan;1989
Dear Landlord;John Wesley Harding;Bob Dylan;1967
Ballad of Ira Hayes;Dylan;Bob Dylan;1973
Aries;Indelibly Stamped;Supertramp;1971
Lenny Bruce;Shot Of Love;Bob Dylan;1981
Sarah Jane;Dylan;Bob Dylan;1973
Over You;Retrospectacle - The Supertramp Anthology;Supertramp;2005
In My Time Of Dyin';Bob Dylan;Bob Dylan;1962
The Meaning;Crisis? What Crisis;Supertramp;1975
Billy 7;Pat Garrett And Billy The Kid;Bob Dylan;1973
Slow Train;Slow Train Coming;Bob Dylan;1979
Bonnie;Famous Last Words;Supertramp;1982
Let's Stick Together;Down In The Groove;Bob Dylan;1988
Ring Them Bells;Oh Mercy;Bob Dylan;1989
Man Of Constant Sorrow;Bob Dylan;Bob Dylan;1962
The Times They Are A-Changin' (live);MTV Unplugged;Bob Dylan;1994
Clothes Line Saga;The Basement Tapes;Bob Dylan;1975
The Night They Drove Old Dixie Down (live);Before The Flood;Bob Dylan;1974
Ballad Of A Thin Man (live);Before The Flood;Bob Dylan;1974
Million Miles;Time Out Of Mind;Bob Dylan;1997
Honest With Me;Love And Theft;Bob Dylan;2001
A Soapbox Opera;Crisis? What Crisis;Supertramp;1975
Just Like Tom Thumb's Blues;Highway 61 Revisited;Bob Dylan;1965
Try Again;Supertramp;Supertramp;1970
Odds And Ends;The Basement Tapes;Bob Dylan;1975
All I Really Want To Do;Another Side Of Bob Dylan;Bob Dylan;1964
Maggie's Farm;Bringing It All Back Home;Bob Dylan;1965
Driftin' Too Far From Shore;Knocked Out Loaded;Bob Dylan;1986
Live To Love You;Some Things Never Change;Supertramp;1997
Changing Of The Guards;The Best Of Bob Dylan Volume 2;Bob Dylan;2000
Free As A Bird;Retrospectacle - The Supertramp Anthology;Supertramp;2005
Take The Long Way Home (live);It Was The Best Of Times;Supertramp;1999
It Ain't Me Babe;The Best Of Bob Dylan Volume 2;Bob Dylan;2000
The Times They Are A-Changin';The Best Of Bob Dylan;Bob Dylan;1997
Tiny Montgomery;The Basement Tapes;Bob Dylan;1975
As I Went Out One Morning;John Wesley Harding;Bob Dylan;1967
Free As A Bird (live);It Was The Best Of Times;Supertramp;1999
Sittin' On Top Of The World;Good As I Been To You;Bob Dylan;1992
Million Dollar Bash;The Basement Tapes;Bob Dylan;1975
Tweedle Dee And Tweedle Dum;Love And Theft;Bob Dylan;2001
The Logical Song;Breakfast In America;Supertramp;1979
Forever;Indelibly Stamped;Supertramp;1971
Most Likely You Go Your Way And I'll Go Mine (live);Before The Flood;Bob Dylan;1974
Nashville Skyline Rag;Nashville Skyline;Bob Dylan;1969
Babaji;The Very Best Of Supertramp Vol. 2;Supertramp;1992
Lo And Behold!;The Basement Tapes;Bob Dylan;1975
Day Of The Locusts;New Morning;Bob Dylan;1970
Is Your Love In Vain;Street Legal;Bob Dylan;1978
Precious Angel;Slow Train Coming;Bob Dylan;1979
From Now On;The Very Best Of Supertramp;Supertramp;1990
Tryin' To Get To Heaven;Time Out Of Mind;Bob Dylan;1997
Katie's Been Gone;The Basement Tapes;Bob Dylan;1975
Maybe I'm A Beggar;Supertramp;Supertramp;1970
Idiot Wind;Blood On The Tracks;Bob Dylan;1975
Dirge;Planet Waves;Bob Dylan;1974
Ever Open Door;Brother Where You Bound;Supertramp;1985
Most Of The Time;Oh Mercy;Bob Dylan;1989
Surely;Supertramp;Supertramp;1970
Casual Conversations;Breakfast In America;Supertramp;1979
Leopard-Skin Pill-Box Hat;Blonde On Blonde;Bob Dylan;1966
A Soapbox Opera (live);Paris;Supertramp;1980
Nothing To Show;Supertramp;Supertramp;1970
Highlands (live);The Best Of Bob Dylan Volume 2;Bob Dylan;2000
Things Have Changed;The Best Of Bob Dylan Volume 2;Bob Dylan;2000
Lone Pilgrim;World Gone Wrong;Bob Dylan;1993
Even In The Quietest Moments;Even In The Quietest Moments;Supertramp;1977
Senor;Street Legal;Bob Dylan;1978
Precious Memories;Knocked Out Loaded;Bob Dylan;1986
If Everyone Was Listening;Crime Of The Century;Supertramp;1974
Child Of Vision;Breakfast In America;Supertramp;1979
Slow Motion;Slow Motion;Supertramp;2002
Visions Of Johanna;Blonde On Blonde;Bob Dylan;1966
See That My Grave Is Kept Clean;Bob Dylan;Bob Dylan;1962
Something's Burning, Baby;Empire Burlesque;Bob Dylan;1985
Lay Lady Lay (live);Before The Flood;Bob Dylan;1974
Cannonball;The Very Best Of Supertramp;Supertramp;1990
All Along The Watchtower;The Best Of Bob Dylan;Bob Dylan;1997
Diamond Joe;Good As I Been To You;Bob Dylan;1992
Dignity (live);MTV Unplugged;Bob Dylan;1994
Tears Of Rage;The Basement Tapes;Bob Dylan;1975
Downstream;Retrospectacle - The Supertramp Anthology;Supertramp;2005
Crazy;Famous Last Words;Supertramp;1982
Bessie Smith;The Basement Tapes;Bob Dylan;1975
Joey;Desire;Bob Dylan;1975
Oh Darling;Breakfast In America;Supertramp;1979
Cat's In The Wheel;Under The Red Sky;Bob Dylan;1990
Your Poppa Don't Mind;Indelibly Stamped;Supertramp;1971
River Theme;Pat Garrett And Billy The Kid;Bob Dylan;1973
It Hurts Me Too;Self Portrait;Bob Dylan;1970
To Be Alone With You;Nashville Skyline;Bob Dylan;1969
It Ain't Me Babe (live);Before The Flood;Bob Dylan;1974
They Killed Him;Knocked Out Loaded;Bob Dylan;1986
Sooner Or Later;Some Things Never Change;Supertramp;1997
Billy 1;Pat Garrett And Billy The Kid;Bob Dylan;1973
Ragged And Dirty;World Gone Wrong;Bob Dylan;1993
All The Tired Horses;Self Portrait;Bob Dylan;1970
Tombstone Blues;Highway 61 Revisited;Bob Dylan;1965
Another Man's Woman;Retrospectacle - The Supertramp Anthology;Supertramp;2005
Got My Mind Made Up;Knocked Out Loaded;Bob Dylan;1986
The Shape I'm In (live);Before The Flood;Bob Dylan;1974
Love Minus Zero/No Limit (live);MTV Unplugged;Bob Dylan;1994
Baby, Stop Crying;Street Legal;Bob Dylan;1978
Pressing On;Saved;Bob Dylan;1980
Cannonball;Brother Where You Bound;Supertramp;1985
Two Of Us (live);Paris;Supertramp;1980
I Shall Be Released (live);Before The Flood;Bob Dylan;1974
In The Summertime;Shot Of Love;Bob Dylan;1981
Gone Hollywood;Retrospectacle - The Supertramp Anthology;Supertramp;2005
Gotta Serve Somebody;The Best Of Bob Dylan;Bob Dylan;1997
Freight Train Blues;Bob Dylan;Bob Dylan;1962
If Dogs Run Free;New Morning;Bob Dylan;1970
Highlands;Time Out Of Mind;Bob Dylan;1997
Moonlight;Love And Theft;Bob Dylan;2001
Motorpsycho Nitemare;Another Side Of Bob Dylan;Bob Dylan;1964
World Gone Wrong;World Gone Wrong;Bob Dylan;1993
Shooting Star (live);MTV Unplugged;Bob Dylan;1994
Yea! Heavy And A Bottle Of Bread;The Basement Tapes;Bob Dylan;1975
Two Of Us;Retrospectacle - The Supertramp Anthology;Supertramp;2005
School;Retrospectacle - The Supertramp Anthology;Supertramp;2005
Tonight I'll Be Staying Here With You;Nashville Skyline;Bob Dylan;1969
Never Say Goodbye;Planet Waves;Bob Dylan;1974
Fourth Time Around;Blonde On Blonde;Bob Dylan;1966
Pledging My Time;Blonde On Blonde;Bob Dylan;1966
Breakfast In America;Retrospectacle - The Supertramp Anthology;Supertramp;2005
It's Alright Ma;Bringing It All Back Home;Bob Dylan;1965
The Logical Song (live);Paris;Supertramp;1980
You Win, I Lose;Retrospectacle - The Supertramp Anthology;Supertramp;2005
Breakfast In America (live);It Was The Best Of Times;Supertramp;1999
Under The Red Sky;Under The Red Sky;Bob Dylan;1990
Lay Lady Lay;Nashville Skyline;Bob Dylan;1969
Everything Is Broken;Oh Mercy;Bob Dylan;1989
Listen To Me Please;Some Things Never Change;Supertramp;1997
I'm Beggin' You;Free As A Bird;Supertramp;1987
Cannonball (live);It Was The Best Of Times;Supertramp;1999
A Hard Rain's A-Gonna Fall;The Best Of Bob Dylan Volume 2;Bob Dylan;2000
Arthur McBride;Good As I Been To You;Bob Dylan;1992
Love Sick;Time Out Of Mind;Bob Dylan;1997
Tenth Avenue Breakdown;Slow Motion;Supertramp;2002
Fool's Overture;The Very Best Of Supertramp Vol. 2;Supertramp;1992
Love Henry;World Gone Wrong;Bob Dylan;1993
Broke Down Engine;World Gone Wrong;Bob Dylan;1993
Chimes Of Freedom;Another Side Of Bob Dylan;Bob Dylan;1964
Hide In Your Shell (live);Paris;Supertramp;1980
I Want You;Blonde On Blonde;Bob Dylan;1966
Tight Connection To My Heart;Empire Burlesque;Bob Dylan;1985
Clean Cut Kid;Empire Burlesque;Bob Dylan;1985
Poor Boy;Crisis? What Crisis;Supertramp;1975
Silvio;The Best Of Bob Dylan Volume 2;Bob Dylan;2000
Land Ho;Retrospectacle - The Supertramp Anthology;Supertramp;2005
Love Minus Zero/No Limit;Bringing It All Back Home;Bob Dylan;1965
Maybe Someday;Knocked Out Loaded;Bob Dylan;1986
Ain't Nobody But Me;The Very Best Of Supertramp;Supertramp;1990
Lord Is It Mine;Breakfast In America;Supertramp;1979
You Started Laughing;Retrospectacle - The Supertramp Anthology;Supertramp;2005
Frankie And Albert;Good As I Been To You;Bob Dylan;1992
The Logical Song (live);It Was The Best Of Times;Supertramp;1999
It Ain't Me Babe;Another Side Of Bob Dylan;Bob Dylan;1964
Man In The Long Black Coat;Oh Mercy;Bob Dylan;1989
Sally Sue Brown;Down In The Groove;Bob Dylan;1988
Tell Me That It Isn't True;Nashville Skyline;Bob Dylan;1969
Take The Long Way Home;Retrospectacle - The Supertramp Anthology;Supertramp;2005
When Did You Leave Heaven;Down In The Groove;Bob Dylan;1988
Easy Does It;Crisis? What Crisis;Supertramp;1975
Lady;Retrospectacle - The Supertramp Anthology;Supertramp;2005
From Now On;Even In The Quietest Moments;Supertramp;1977
School (live);It Was The Best Of Times;Supertramp;1999
Thunder On The Mountain;Modern Times;Bob Dylan;2006
School (live);Paris;Supertramp;1980
Peggy Day;Nashville Skyline;Bob Dylan;1969
School;The Very Best Of Supertramp;Supertramp;1990
From Now On;Breakfast In America;Supertramp;1979
I Threw It All Away;Nashville Skyline;Bob Dylan;1969
Shadow Song;Supertramp;Supertramp;1970
Stuck Inside Of Mobile With The Memphis Blues Again;Blonde On Blonde;Bob Dylan;1966
Til I Fell In Love With You;Time Out Of Mind;Bob Dylan;1997
Floater;Love And Theft;Bob Dylan;2001
Tomorrow Night;Good As I Been To You;Bob Dylan;1992
Two Times Two;Under The Red Sky;Bob Dylan;1990
Born In Time;Under The Red Sky;Bob Dylan;1990
Bloody Well Right (live);Paris;Supertramp;1980
John Wesley Harding;John Wesley Harding;Bob Dylan;1967
Song To Woody;Bob Dylan;Bob Dylan;1962
Step It Up And Go;Good As I Been To You;Bob Dylan;1992
Goodbye Stranger (live);It Was The Best Of Times;Supertramp;1999
I Am A Lonesome Hobo;John Wesley Harding;Bob Dylan;1967
Cannonball;Breakfast In America;Supertramp;1979
Remember;Indelibly Stamped;Supertramp;1971
Can't Wait;Time Out Of Mind;Bob Dylan;1997
Two Soldiers;World Gone Wrong;Bob Dylan;1993
Are You Ready;Saved;Bob Dylan;1980
Rollin' And Tumblin';Modern Times;Bob Dylan;2006
Country Pie;Nashville Skyline;Bob Dylan;1969
Heart Of Mine;Shot Of Love;Bob Dylan;1981
Make You Feel My Love;Time Out Of Mind;Bob Dylan;1997
Jim Jones;Good As I Been To You;Bob Dylan;1992
Words Unspoken;Supertramp;Supertramp;1970
Idiot Wind (live);Hard Rain;Bob Dylan;1976
Don't Leave Me Now;Retrospectacle - The Supertramp Anthology;Supertramp;2005
Let It Be Me;Self Portrait;Bob Dylan;1970
One More Night;Nashville Skyline;Bob Dylan;1969
Highway 61 Revisited;The Best Of Bob Dylan Volume 2;Bob Dylan;2000
Oh, Sister;Desire;Bob Dylan;1975
This Wheel's On Fire;The Basement Tapes;Bob Dylan;1975
You Ain't Goin' Nowhere;The Basement Tapes;Bob Dylan;1975
Take A Message To Mary;Self Portrait;Bob Dylan;1970
Man Gave Names To All Animals;Slow Train Coming;Bob Dylan;1979
Standing In The Doorway;Time Out Of Mind;Bob Dylan;1997
Outlaw Blues;Bringing It All Back Home;Bob Dylan;1965
Spanish Is the Loving Tongue;Dylan;Bob Dylan;1973
Potter;Indelibly Stamped;Supertramp;1971
Something There Is About You;Planet Waves;Bob Dylan;1974
Forever Young (II);Planet Waves;Bob Dylan;1974
Not The Moment;Free As A Bird;Supertramp;1987
Copper Kettle;Self Portrait;Bob Dylan;1970
License To Kill;The Best Of Bob Dylan Volume 2;Bob Dylan;2000
Breakfast In America (live);Paris;Supertramp;1980
Over You;Slow Motion;Supertramp;2002
License To Kill;Infidels;Bob Dylan;1983
Ain't Nobody But Me;Retrospectacle - The Supertramp Anthology;Supertramp;2005
Handy Dandy;Under The Red Sky;Bob Dylan;1990
Some Things Never Change;Some Things Never Change;Supertramp;1997
The Levee's Gonna Break;Modern Times;Bob Dylan;2006
Bye And Bye;Love And Theft;Bob Dylan;2001
I Believe In You;Slow Train Coming;Bob Dylan;1979
I Dreamed I Saw St. Augustine;John Wesley Harding;Bob Dylan;1967
You're Gonna Make Me Lonesome When You Go;Blood On The Tracks;Bob Dylan;1975
Dead Man's Blues;Slow Motion;Supertramp;2002
I'll Remember You;Empire Burlesque;Bob Dylan;1985
Forever Young;The Best Of Bob Dylan;Bob Dylan;1997
You're Gonna Quit Me;Good As I Been To You;Bob Dylan;1992
Covenant Woman;Saved;Bob Dylan;1980
Froggie Went A Courtin';Good As I Been To You;Bob Dylan;1992
Oh Darling;Free As A Bird;Supertramp;1987
Dark Eyes;Empire Burlesque;Bob Dylan;1985
Mr. Tambourine Man;The Best Of Bob Dylan;Bob Dylan;1997
Little Maggie;Good As I Been To You;Bob Dylan;1992
Don't Ya Tell Henry;The Basement Tapes;Bob Dylan;1975
Times Have Changed;Indelibly Stamped;Supertramp;1971
Breakfast In America;The Very Best Of Supertramp;Supertramp;1990
I Pity The Poor Immigrant;John Wesley Harding;Bob Dylan;1967
Your Poppa Don't Mind;Retrospectacle - The Supertramp Anthology;Supertramp;2005
Trust Yourself;Empire Burlesque;Bob Dylan;1985
Gone Hollywood;The Very Best Of Supertramp Vol. 2;Supertramp;1992
Tangled Up In Blue;Blood On The Tracks;Bob Dylan;1975
Give A Little Bit;Retrospectacle - The Supertramp Anthology;Supertramp;2005
Most Likely You Go Your Way And I'll Go Mine;Blonde On Blonde;Bob Dylan;1966
Lay Lady Lay;The Best Of Bob Dylan;Bob Dylan;1997
Desolation Row (live);MTV Unplugged;Bob Dylan;1994
Like A Rolling Stone;Highway 61 Revisited;Bob Dylan;1965
If Everyone Was Listening;The Very Best Of Supertramp Vol. 2;Supertramp;1992
Winterlude;New Morning;Bob Dylan;1970
The Man In Me;New Morning;Bob Dylan;1970
Down Along The Cove;John Wesley Harding;Bob Dylan;1967
Temporary Like Achilles;Blonde On Blonde;Bob Dylan;1966
Had A Dream About You Baby;Down In The Groove;Bob Dylan;1988
I Forgot More Than You'll Ever Know;Self Portrait;Bob Dylan;1970
Cold Irons Bound;Time Out Of Mind;Bob Dylan;1997
Hard Times;Good As I Been To You;Bob Dylan;1992
Bob Dylan's 115th Dream;Bringing It All Back Home;Bob Dylan;1965
Like A Rolling Stone;The Best Of Bob Dylan;Bob Dylan;1997
Hurricane;Desire;Bob Dylan;1975
Don't Leave Me Now;The Very Best Of Supertramp Vol. 2;Supertramp;1992
You Angel You;Planet Waves;Bob Dylan;1974
Where Teardrops Fall;Oh Mercy;Bob Dylan;1989
Trouble;Shot Of Love;Bob Dylan;1981
Changing Of The Guards;Street Legal;Bob Dylan;1978
Wigwam;Self Portrait;Bob Dylan;1970
Sad Eyed Lady Of The Lowlands;Blonde On Blonde;Bob Dylan;1966
The Weight (live);Before The Flood;Bob Dylan;1974
Ninety Miles An Hour;Down In The Groove;Bob Dylan;1988
Sooner Or Later (live);It Was The Best Of Times;Supertramp;1999
Meet Me In The Morning;Blood On The Tracks;Bob Dylan;1975
Give Me A Chance;Some Things Never Change;Supertramp;1997
Po' Boy;Love And Theft;Bob Dylan;2001
Sara;Desire;Bob Dylan;1975
Queen Jane Approximately;Highway 61 Revisited;Bob Dylan;1965
Sugar Baby;Love And Theft;Bob Dylan;2001
It's Alright,Ma (I'm Only Bleeding) (live);Before The Flood;Bob Dylan;1974
Alberta #2;Self Portrait;Bob Dylan;1970
Bloody Well Right;The Very Best Of Supertramp;Supertramp;1990
Open The Door, Homer;The Basement Tapes;Bob Dylan;1975
Simple Twist Of Fate;Blood On The Tracks;Bob Dylan;1975
Two Of Us;Crisis? What Crisis;Supertramp;1975
Little Sadie;Self Portrait;Bob Dylan;1970
Went To See The Gypsy;New Morning;Bob Dylan;1970
Blue Moon;Self Portrait;Bob Dylan;1970
Every Grain Of Sand;Shot Of Love;Bob Dylan;1981
Dreamer;The Very Best Of Supertramp;Supertramp;1990
Subterranean Homesick Blues;Bringing It All Back Home;Bob Dylan;1965
Dirt Road Blues;Time Out Of Mind;Bob Dylan;1997
Hurricane;The Best Of Bob Dylan Volume 2;Bob Dylan;2000
Watered-Down Love;Shot Of Love;Bob Dylan;1981
Dreamer;Crime Of The Century;Supertramp;1974
Blackjack Davey;Good As I Been To You;Bob Dylan;1992
Still In Love;Brother Where You Bound;Supertramp;1985
We Better Talk This Over;Street Legal;Bob Dylan;1978
On The Road Again;Bringing It All Back Home;Bob Dylan;1965
Rainy Day Women Numbers 12 And 35;The Best Of Bob Dylan Volume 2;Bob Dylan;2000
Spanish Harlem Incident;Another Side Of Bob Dylan;Bob Dylan;1964
Goin' To Acapulco;The Basement Tapes;Bob Dylan;1975
Blood In My Eyes;World Gone Wrong;Bob Dylan;1993
Ain't No More Cane;The Basement Tapes;Bob Dylan;1975
Death Is Not The End;Down In The Groove;Bob Dylan;1988
Goldrush;Slow Motion;Supertramp;2002
Ruben Remus;The Basement Tapes;Bob Dylan;1975
Even In The Quietest Moments;The Very Best Of Supertramp Vol. 2;Supertramp;1992
I Threw It All Away (live);Hard Rain;Bob Dylan;1976
One More Weekend;New Morning;Bob Dylan;1970
Not Dark Yet;The Best Of Bob Dylan Volume 2;Bob Dylan;2000
Give A Little Bit;Even In The Quietest Moments;Supertramp;1977
Listen To Me Please (live);It Was The Best Of Times;Supertramp;1999
Breakfast In America;Breakfast In America;Supertramp;1979
Beyond The Horizon;Modern Times;Bob Dylan;2006
Property Of Jesus;Shot Of Love;Bob Dylan;1981
Woogie Boogie;Self Portrait;Bob Dylan;1970
God Knows;Under The Red Sky;Bob Dylan;1990
Shelter From The Storm (live);Hard Rain;Bob Dylan;1976
When You Gonna Wake Up;Slow Train Coming;Bob Dylan;1979
Crime Of The Century;Crime Of The Century;Supertramp;1974
Subterranean Homesick Blues;The Best Of Bob Dylan Volume 2;Bob Dylan;2000
Gone Hollywood;Breakfast In America;Supertramp;1979
I Don't Believe You;Another Side Of Bob Dylan;Bob Dylan;1964
New Morning;New Morning;Bob Dylan;1970
Baby, Let Me Follow You Down;Bob Dylan;Bob Dylan;1962
Downstream;Even In The Quietest Moments;Supertramp;1977
Mary Ann;Dylan;Bob Dylan;1973
Lady;Crisis? What Crisis;Supertramp;1975
Fixin' To Die Blues;Bob Dylan;Bob Dylan;1962
Saved;Saved;Bob Dylan;1980
Like A Rolling Stone (live);MTV Unplugged;Bob Dylan;1994
Obviously Five Believers;Blonde On Blonde;Bob Dylan;1966
No Inbetween;Brother Where You Bound;Supertramp;1985
