Titel;Album;Interpret;Jahr;;Titel;Album;Interpret;Jahr;;;;;
A Hard Rain's A-Gonna Fall;The Best Of Bob Dylan Volume 2;Bob Dylan;2000;;A Hard Rain's A-Gonna Fall;The Best Of Bob Dylan Volume 2;Bob Dylan;2000;;1;1;1;1
A Satisfied Mind;Saved;Bob Dylan;1980;;A Satisfied Mind;Saved;Bob Dylan;1980;;1;1;1;1
A Soapbox Opera;Crisis? What Crisis;Supertramp;1975;;A Soapbox Opera;Crisis? What Crisis;Supertramp;1975;;1;1;1;1
A Soapbox Opera (live);Paris;Supertramp;1980;;A Soapbox Opera;The Very Best Of Supertramp Vol. 2;Supertramp;1992;;1;#NV;1;#NV
A Soapbox Opera;The Very Best Of Supertramp Vol. 2;Supertramp;1992;;A Soapbox Opera (live);Paris;Supertramp;1980;;#NV;1;1;1
A Sting In The Tail;Slow Motion;Supertramp;2002;;A Sting In The Tail;Slow Motion;Supertramp;2002;;1;1;1;1
Absolutely Sweet Marie;Blonde On Blonde;Bob Dylan;1966;;Absolutely Sweet Marie;Blonde On Blonde;Bob Dylan;1966;;1;1;1;1
Ain't No More Cane;The Basement Tapes;Bob Dylan;1975;;Ain't No More Cane;The Basement Tapes;Bob Dylan;1975;;1;1;1;1
Ain't Nobody But Me;Crisis? What Crisis;Supertramp;1975;;Ain't Nobody But Me;Crisis? What Crisis;Supertramp;1975;;1;1;1;1
Ain't Nobody But Me (live);Paris;Supertramp;1980;;Ain't Nobody But Me;Retrospectacle - The Supertramp Anthology;Supertramp;2005;;1;#NV;1;#NV
Ain't Nobody But Me;Retrospectacle - The Supertramp Anthology;Supertramp;2005;;Ain't Nobody But Me;The Very Best Of Supertramp;Supertramp;1990;;1;#NV;1;1
Ain't Nobody But Me;The Very Best Of Supertramp;Supertramp;1990;;Ain't Nobody But Me (live);Paris;Supertramp;1980;;#NV;1;1;1
Ain't Talkin';Modern Times;Bob Dylan;2006;;Ain't Talkin';Modern Times;Bob Dylan;2006;;1;1;1;1
Alberta #1;Self Portrait;Bob Dylan;1970;;Alberta #1;Self Portrait;Bob Dylan;1970;;1;1;1;1
Alberta #2;Self Portrait;Bob Dylan;1970;;Alberta #2;Self Portrait;Bob Dylan;1970;;1;1;1;1
All Along The Watchtower (live);Before The Flood;Bob Dylan;1974;;All Along The Watchtower;John Wesley Harding;Bob Dylan;1967;;1;#NV;1;1
All Along The Watchtower;John Wesley Harding;Bob Dylan;1967;;All Along The Watchtower;The Best Of Bob Dylan;Bob Dylan;1997;;1;#NV;1;#NV
All Along The Watchtower (live);MTV Unplugged;Bob Dylan;1994;;All Along The Watchtower (live);Before The Flood;Bob Dylan;1974;;1;1;1;1
All Along The Watchtower;The Best Of Bob Dylan;Bob Dylan;1997;;All Along The Watchtower (live);MTV Unplugged;Bob Dylan;1994;;#NV;1;1;1
All I Really Want To Do;Another Side Of Bob Dylan;Bob Dylan;1964;;All I Really Want To Do;Another Side Of Bob Dylan;Bob Dylan;1964;;1;1;1;1
All The Tired Horses;Self Portrait;Bob Dylan;1970;;All The Tired Horses;Self Portrait;Bob Dylan;1970;;1;1;1;1
An Awful Thing To Waste;Free As A Bird;Supertramp;1987;;An Awful Thing To Waste;Free As A Bird;Supertramp;1987;;1;1;1;1
And The Light (live);It Was The Best Of Times;Supertramp;1999;;And The Light;Some Things Never Change;Supertramp;1997;;1;#NV;1;1
And The Light;Some Things Never Change;Supertramp;1997;;And The Light (live);It Was The Best Of Times;Supertramp;1999;;#NV;1;1;#NV
Another Man's Woman;Crisis? What Crisis;Supertramp;1975;;Another Man's Woman;Crisis? What Crisis;Supertramp;1975;;1;1;1;1
Another Man's Woman;Retrospectacle - The Supertramp Anthology;Supertramp;2005;;Another Man's Woman;Retrospectacle - The Supertramp Anthology;Supertramp;2005;;1;1;1;1
Apple Sucking Tree;The Basement Tapes;Bob Dylan;1975;;Apple Sucking Tree;The Basement Tapes;Bob Dylan;1975;;1;1;1;1
Are You Ready;Saved;Bob Dylan;1980;;Are You Ready;Saved;Bob Dylan;1980;;1;1;1;1
Aries;Indelibly Stamped;Supertramp;1971;;Aries;Indelibly Stamped;Supertramp;1971;;1;1;1;1
Arthur McBride;Good As I Been To You;Bob Dylan;1992;;Arthur McBride;Good As I Been To You;Bob Dylan;1992;;1;1;1;1
As I Went Out One Morning;John Wesley Harding;Bob Dylan;1967;;As I Went Out One Morning;John Wesley Harding;Bob Dylan;1967;;1;1;1;1
Asylum;Crime Of The Century;Supertramp;1974;;Asylum;Crime Of The Century;Supertramp;1974;;1;1;1;1
Asylum (live);Paris;Supertramp;1980;;Asylum (live);Paris;Supertramp;1980;;1;1;1;1
Aubade And I Am Not Like The Other Birds Of Prey;Supertramp;Supertramp;1970;;Aubade And I Am Not Like The Other Birds Of Prey;Supertramp;Supertramp;1970;;1;1;1;1
Babaji;Even In The Quietest Moments;Supertramp;1977;;Babaji;Even In The Quietest Moments;Supertramp;1977;;1;1;1;1
Babaji;The Very Best Of Supertramp Vol. 2;Supertramp;1992;;Babaji;The Very Best Of Supertramp Vol. 2;Supertramp;1992;;1;1;1;1
Baby, Let Me Follow You Down;Bob Dylan;Bob Dylan;1962;;Baby, Let Me Follow You Down;Bob Dylan;Bob Dylan;1962;;1;1;1;1
Baby, Stop Crying;Street Legal;Bob Dylan;1978;;Baby, Stop Crying;Street Legal;Bob Dylan;1978;;1;1;1;1
Ballad In Plain D;Another Side Of Bob Dylan;Bob Dylan;1964;;Ballad In Plain D;Another Side Of Bob Dylan;Bob Dylan;1964;;1;1;1;1
Ballad Of A Thin Man (live);Before The Flood;Bob Dylan;1974;;Ballad Of A Thin Man;Highway 61 Revisited;Bob Dylan;1965;;1;#NV;1;1
Ballad Of A Thin Man;Highway 61 Revisited;Bob Dylan;1965;;Ballad Of A Thin Man (live);Before The Flood;Bob Dylan;1974;;#NV;1;1;#NV
Ballad of Ira Hayes;Dylan;Bob Dylan;1973;;Ballad of Ira Hayes;Dylan;Bob Dylan;1973;;1;1;1;1
Bee In Your Bonnet;Slow Motion;Supertramp;2002;;Bee In Your Bonnet;Slow Motion;Supertramp;2002;;1;1;1;1
Belle Isle;Self Portrait;Bob Dylan;1970;;Belle Isle;Self Portrait;Bob Dylan;1970;;1;1;1;1
Bessie Smith;The Basement Tapes;Bob Dylan;1975;;Bessie Smith;The Basement Tapes;Bob Dylan;1975;;1;1;1;1
Better Days;Brother Where You Bound;Supertramp;1985;;Better Days;Brother Where You Bound;Supertramp;1985;;1;1;1;1
Beyond The Horizon;Modern Times;Bob Dylan;2006;;Beyond The Horizon;Modern Times;Bob Dylan;2006;;1;1;1;1
Big Yellow Taxi;Dylan;Bob Dylan;1973;;Big Yellow Taxi;Dylan;Bob Dylan;1973;;1;1;1;1
Billy 1;Pat Garrett And Billy The Kid;Bob Dylan;1973;;Billy 1;Pat Garrett And Billy The Kid;Bob Dylan;1973;;1;1;1;1
Billy 4;Pat Garrett And Billy The Kid;Bob Dylan;1973;;Billy 4;Pat Garrett And Billy The Kid;Bob Dylan;1973;;1;1;1;1
Billy 7;Pat Garrett And Billy The Kid;Bob Dylan;1973;;Billy 7;Pat Garrett And Billy The Kid;Bob Dylan;1973;;1;1;1;1
Black Crow Blues;Another Side Of Bob Dylan;Bob Dylan;1964;;Black Crow Blues;Another Side Of Bob Dylan;Bob Dylan;1964;;1;1;1;1
Black Diamond Bay;Desire;Bob Dylan;1975;;Black Diamond Bay;Desire;Bob Dylan;1975;;1;1;1;1
Blackjack Davey;Good As I Been To You;Bob Dylan;1992;;Blackjack Davey;Good As I Been To You;Bob Dylan;1992;;1;1;1;1
Blood In My Eyes;World Gone Wrong;Bob Dylan;1993;;Blood In My Eyes;World Gone Wrong;Bob Dylan;1993;;1;1;1;1
Bloody Well Right;Crime Of The Century;Supertramp;1974;;Bloody Well Right;Crime Of The Century;Supertramp;1974;;1;1;1;1
Bloody Well Right (live);It Was The Best Of Times;Supertramp;1999;;Bloody Well Right;Retrospectacle - The Supertramp Anthology;Supertramp;2005;;1;#NV;1;#NV
Bloody Well Right (live);Paris;Supertramp;1980;;Bloody Well Right;The Very Best Of Supertramp;Supertramp;1990;;1;#NV;1;#NV
Bloody Well Right;Retrospectacle - The Supertramp Anthology;Supertramp;2005;;Bloody Well Right (live);It Was The Best Of Times;Supertramp;1999;;#NV;1;1;1
Bloody Well Right;The Very Best Of Supertramp;Supertramp;1990;;Bloody Well Right (live);Paris;Supertramp;1980;;#NV;1;1;1
Blowin' In The Wind;Before The Flood;Bob Dylan;1974;;Blowin' In The Wind;Before The Flood;Bob Dylan;1974;;1;1;1;1
Blowin' In The Wind;The Best Of Bob Dylan;Bob Dylan;1997;;Blowin' In The Wind;The Best Of Bob Dylan;Bob Dylan;1997;;1;1;1;1
Blowin' In The Wind (live);The Best Of Bob Dylan Volume 2;Bob Dylan;2000;;Blowin' In The Wind (live);The Best Of Bob Dylan Volume 2;Bob Dylan;2000;;1;1;1;1
Blue Moon;Self Portrait;Bob Dylan;1970;;Blue Moon;Self Portrait;Bob Dylan;1970;;1;1;1;1
Bob Dylan's 115th Dream;Bringing It All Back Home;Bob Dylan;1965;;Bob Dylan's 115th Dream;Bringing It All Back Home;Bob Dylan;1965;;1;1;1;1
Bonnie;Famous Last Words;Supertramp;1982;;Bonnie;Famous Last Words;Supertramp;1982;;1;1;1;1
Born In Time;Under The Red Sky;Bob Dylan;1990;;Born In Time;Under The Red Sky;Bob Dylan;1990;;1;1;1;1
Breakfast In America;Breakfast In America;Supertramp;1979;;Breakfast In America;Breakfast In America;Supertramp;1979;;1;1;1;1
Breakfast In America (live);It Was The Best Of Times;Supertramp;1999;;Breakfast In America;Retrospectacle - The Supertramp Anthology;Supertramp;2005;;1;#NV;1;#NV
Breakfast In America (live);Paris;Supertramp;1980;;Breakfast In America;The Very Best Of Supertramp;Supertramp;1990;;1;#NV;1;#NV
Breakfast In America;Retrospectacle - The Supertramp Anthology;Supertramp;2005;;Breakfast In America (live);It Was The Best Of Times;Supertramp;1999;;#NV;1;1;1
Breakfast In America;The Very Best Of Supertramp;Supertramp;1990;;Breakfast In America (live);Paris;Supertramp;1980;;#NV;1;1;1
Broke Down Engine;World Gone Wrong;Bob Dylan;1993;;Broke Down Engine;World Gone Wrong;Bob Dylan;1993;;1;1;1;1
Broken Hearted;Slow Motion;Supertramp;2002;;Broken Hearted;Slow Motion;Supertramp;2002;;1;1;1;1
Brother Where You Bound;Brother Where You Bound;Supertramp;1985;;Brother Where You Bound;Brother Where You Bound;Supertramp;1985;;1;1;1;1
Brownsville Girl;Knocked Out Loaded;Bob Dylan;1986;;Brownsville Girl;Knocked Out Loaded;Bob Dylan;1986;;1;1;1;1
Buckets Of Rain;Blood On The Tracks;Bob Dylan;1975;;Buckets Of Rain;Blood On The Tracks;Bob Dylan;1975;;1;1;1;1
Bunkhouse Theme;Pat Garrett And Billy The Kid;Bob Dylan;1973;;Bunkhouse Theme;Pat Garrett And Billy The Kid;Bob Dylan;1973;;1;1;1;1
Bye And Bye;Love And Theft;Bob Dylan;2001;;Bye And Bye;Love And Theft;Bob Dylan;2001;;1;1;1;1
C'est What;Some Things Never Change;Supertramp;1997;;Canadee-I-O;Good As I Been To You;Bob Dylan;1992;;1;1;1;1
C'est le bon;Famous Last Words;Supertramp;1982;;Cannonball;Breakfast In America;Supertramp;1979;;1;1;1;1
Can't Help Falling in Love;Dylan;Bob Dylan;1973;;Cannonball;Brother Where You Bound;Supertramp;1985;;1;1;#NV;#NV
Can't Wait;Time Out Of Mind;Bob Dylan;1997;;Cannonball;Retrospectacle - The Supertramp Anthology;Supertramp;2005;;1;1;#NV;#NV
Canadee-I-O;Good As I Been To You;Bob Dylan;1992;;Cannonball;The Very Best Of Supertramp;Supertramp;1990;;#NV;#NV;#NV;1
Cannonball;Breakfast In America;Supertramp;1979;;Cannonball (live);It Was The Best Of Times;Supertramp;1999;;#NV;#NV;1;#NV
Cannonball;Brother Where You Bound;Supertramp;1985;;Can't Help Falling in Love;Dylan;Bob Dylan;1973;;#NV;#NV;1;1
Cannonball (live);It Was The Best Of Times;Supertramp;1999;;Can't Wait;Time Out Of Mind;Bob Dylan;1997;;#NV;#NV;1;1
Cannonball;Retrospectacle - The Supertramp Anthology;Supertramp;2005;;Cantina Theme;Pat Garrett And Billy The Kid;Bob Dylan;1973;;#NV;1;1;1
Cannonball;The Very Best Of Supertramp;Supertramp;1990;;Casual Conversations;Breakfast In America;Supertramp;1979;;#NV;1;1;1
Cantina Theme;Pat Garrett And Billy The Kid;Bob Dylan;1973;;Cat's In The Wheel;Under The Red Sky;Bob Dylan;1990;;#NV;#NV;1;#NV
Casual Conversations;Breakfast In America;Supertramp;1979;;C'est le bon;Famous Last Words;Supertramp;1982;;#NV;#NV;1;#NV
Cat's In The Wheel;Under The Red Sky;Bob Dylan;1990;;C'est What;Some Things Never Change;Supertramp;1997;;#NV;1;#NV;#NV
Changing Of The Guards;Street Legal;Bob Dylan;1978;;Changing Of The Guards;Street Legal;Bob Dylan;1978;;1;1;1;1
Changing Of The Guards;The Best Of Bob Dylan Volume 2;Bob Dylan;2000;;Changing Of The Guards;The Best Of Bob Dylan Volume 2;Bob Dylan;2000;;1;1;1;1
Child Of Vision;Breakfast In America;Supertramp;1979;;Child Of Vision;Breakfast In America;Supertramp;1979;;1;1;1;1
Chimes Of Freedom;Another Side Of Bob Dylan;Bob Dylan;1964;;Chimes Of Freedom;Another Side Of Bob Dylan;Bob Dylan;1964;;1;1;1;1
Clean Cut Kid;Empire Burlesque;Bob Dylan;1985;;Clean Cut Kid;Empire Burlesque;Bob Dylan;1985;;1;1;1;1
Clothes Line Saga;The Basement Tapes;Bob Dylan;1975;;Clothes Line Saga;The Basement Tapes;Bob Dylan;1975;;1;1;1;1
Cold Irons Bound;Time Out Of Mind;Bob Dylan;1997;;Cold Irons Bound;Time Out Of Mind;Bob Dylan;1997;;1;1;1;1
Coming Home To See You;Indelibly Stamped;Supertramp;1971;;Coming Home To See You;Indelibly Stamped;Supertramp;1971;;1;1;1;1
Copper Kettle;Self Portrait;Bob Dylan;1970;;Copper Kettle;Self Portrait;Bob Dylan;1970;;1;1;1;1
Country Pie;Nashville Skyline;Bob Dylan;1969;;Country Pie;Nashville Skyline;Bob Dylan;1969;;1;1;1;1
Covenant Woman;Saved;Bob Dylan;1980;;Covenant Woman;Saved;Bob Dylan;1980;;1;1;1;1
Crash On The Levee (Down In The Flood);The Basement Tapes;Bob Dylan;1975;;Crash On The Levee (Down In The Flood);The Basement Tapes;Bob Dylan;1975;;1;1;1;1
Crazy;Famous Last Words;Supertramp;1982;;Crazy;Famous Last Words;Supertramp;1982;;1;1;1;1
Crime Of The Century;Crime Of The Century;Supertramp;1974;;Crime Of The Century;Crime Of The Century;Supertramp;1974;;1;1;1;1
Crime Of The Century (live);Paris;Supertramp;1980;;Crime Of The Century;Retrospectacle - The Supertramp Anthology;Supertramp;2005;;1;#NV;1;#NV
Crime Of The Century;Retrospectacle - The Supertramp Anthology;Supertramp;2005;;Crime Of The Century;The Very Best Of Supertramp;Supertramp;1990;;1;#NV;1;1
Crime Of The Century;The Very Best Of Supertramp;Supertramp;1990;;Crime Of The Century (live);Paris;Supertramp;1980;;#NV;1;1;1
Cry A While;Love And Theft;Bob Dylan;2001;;Cry A While;Love And Theft;Bob Dylan;2001;;1;1;1;1
Dark Eyes;Empire Burlesque;Bob Dylan;1985;;Dark Eyes;Empire Burlesque;Bob Dylan;1985;;1;1;1;1
Day Of The Locusts;New Morning;Bob Dylan;1970;;Day Of The Locusts;New Morning;Bob Dylan;1970;;1;1;1;1
Days Of 49;Self Portrait;Bob Dylan;1970;;Days Of 49;Self Portrait;Bob Dylan;1970;;1;1;1;1
Dead Man's Blues;Slow Motion;Supertramp;2002;;Dead Man, Dead Man;Shot Of Love;Bob Dylan;1981;;1;1;1;1
Dead Man, Dead Man;Shot Of Love;Bob Dylan;1981;;Dead Man's Blues;Slow Motion;Supertramp;2002;;#NV;#NV;#NV;#NV
Dear Landlord;John Wesley Harding;Bob Dylan;1967;;Dear Landlord;John Wesley Harding;Bob Dylan;1967;;1;1;1;1
Death Is Not The End;Down In The Groove;Bob Dylan;1988;;Death Is Not The End;Down In The Groove;Bob Dylan;1988;;1;1;1;1
Delia;World Gone Wrong;Bob Dylan;1993;;Delia;World Gone Wrong;Bob Dylan;1993;;1;1;1;1
Desolation Row;Highway 61 Revisited;Bob Dylan;1965;;Desolation Row;Highway 61 Revisited;Bob Dylan;1965;;1;1;1;1
Desolation Row (live);MTV Unplugged;Bob Dylan;1994;;Desolation Row (live);MTV Unplugged;Bob Dylan;1994;;1;1;1;1
Diamond Joe;Good As I Been To You;Bob Dylan;1992;;Diamond Joe;Good As I Been To You;Bob Dylan;1992;;1;1;1;1
Dignity (live);MTV Unplugged;Bob Dylan;1994;;Dignity;The Best Of Bob Dylan Volume 2;Bob Dylan;2000;;1;#NV;1;#NV
Dignity;The Best Of Bob Dylan Volume 2;Bob Dylan;2000;;Dignity (live);MTV Unplugged;Bob Dylan;1994;;#NV;1;1;1
Dirge;Planet Waves;Bob Dylan;1974;;Dirge;Planet Waves;Bob Dylan;1974;;1;1;1;1
Dirt Road Blues;Time Out Of Mind;Bob Dylan;1997;;Dirt Road Blues;Time Out Of Mind;Bob Dylan;1997;;1;1;1;1
Disease Of Conceit;Oh Mercy;Bob Dylan;1989;;Disease Of Conceit;Oh Mercy;Bob Dylan;1989;;1;1;1;1
Do Right To Me Baby;Slow Train Coming;Bob Dylan;1979;;Do Right To Me Baby;Slow Train Coming;Bob Dylan;1979;;1;1;1;1
Don't Fall Apart On Me Tonight;Infidels;Bob Dylan;1983;;Don't Fall Apart On Me Tonight;Infidels;Bob Dylan;1983;;1;1;1;1
Don't Leave Me Now;Famous Last Words;Supertramp;1982;;Don't Leave Me Now;Famous Last Words;Supertramp;1982;;1;1;1;1
Don't Leave Me Now;Retrospectacle - The Supertramp Anthology;Supertramp;2005;;Don't Leave Me Now;Retrospectacle - The Supertramp Anthology;Supertramp;2005;;1;1;1;1
Don't Leave Me Now;The Very Best Of Supertramp Vol. 2;Supertramp;1992;;Don't Leave Me Now;The Very Best Of Supertramp Vol. 2;Supertramp;1992;;1;1;1;1
Don't Think Twice, It's All Right;The Best Of Bob Dylan;Bob Dylan;1997;;Don't Think Twice, It's All Right;The Best Of Bob Dylan;Bob Dylan;1997;;1;1;1;1
Don't Think Twice,It's All Right (live);Before The Flood;Bob Dylan;1974;;Don't Think Twice,It's All Right (live);Before The Flood;Bob Dylan;1974;;1;1;1;1
Don't Ya Tell Henry;The Basement Tapes;Bob Dylan;1975;;Don't Ya Tell Henry;The Basement Tapes;Bob Dylan;1975;;1;1;1;1
Down Along The Cove;John Wesley Harding;Bob Dylan;1967;;Down Along The Cove;John Wesley Harding;Bob Dylan;1967;;1;1;1;1
Downstream;Even In The Quietest Moments;Supertramp;1977;;Downstream;Even In The Quietest Moments;Supertramp;1977;;1;1;1;1
Downstream;Retrospectacle - The Supertramp Anthology;Supertramp;2005;;Downstream;Retrospectacle - The Supertramp Anthology;Supertramp;2005;;1;1;1;1
Downstream;The Very Best Of Supertramp Vol. 2;Supertramp;1992;;Downstream;The Very Best Of Supertramp Vol. 2;Supertramp;1992;;1;1;1;1
Dreamer;Crime Of The Century;Supertramp;1974;;Dreamer;Crime Of The Century;Supertramp;1974;;1;1;1;1
Dreamer (live);Paris;Supertramp;1980;;Dreamer;Retrospectacle - The Supertramp Anthology;Supertramp;2005;;1;#NV;1;#NV
Dreamer;Retrospectacle - The Supertramp Anthology;Supertramp;2005;;Dreamer;The Very Best Of Supertramp;Supertramp;1990;;1;#NV;1;1
Dreamer;The Very Best Of Supertramp;Supertramp;1990;;Dreamer (live);Paris;Supertramp;1980;;#NV;1;1;1
Drifter's Escape;John Wesley Harding;Bob Dylan;1967;;Drifter's Escape;John Wesley Harding;Bob Dylan;1967;;1;1;1;1
Driftin' Too Far From Shore;Knocked Out Loaded;Bob Dylan;1986;;Driftin' Too Far From Shore;Knocked Out Loaded;Bob Dylan;1986;;1;1;1;1
Early Mornin' Rain;Self Portrait;Bob Dylan;1970;;Early Mornin' Rain;Self Portrait;Bob Dylan;1970;;1;1;1;1
Easy Does It;Crisis? What Crisis;Supertramp;1975;;Easy Does It;Crisis? What Crisis;Supertramp;1975;;1;1;1;1
Emotionally Yours;Empire Burlesque;Bob Dylan;1985;;Emotionally Yours;Empire Burlesque;Bob Dylan;1985;;1;1;1;1
Endless Highway (live);Before The Flood;Bob Dylan;1974;;Endless Highway (live);Before The Flood;Bob Dylan;1974;;1;1;1;1
Even In The Quietest Moments;Even In The Quietest Moments;Supertramp;1977;;Even In The Quietest Moments;Even In The Quietest Moments;Supertramp;1977;;1;1;1;1
Even In The Quietest Moments;Retrospectacle - The Supertramp Anthology;Supertramp;2005;;Even In The Quietest Moments;Retrospectacle - The Supertramp Anthology;Supertramp;2005;;1;1;1;1
Even In The Quietest Moments;The Very Best Of Supertramp Vol. 2;Supertramp;1992;;Even In The Quietest Moments;The Very Best Of Supertramp Vol. 2;Supertramp;1992;;1;1;1;1
Ever Open Door;Brother Where You Bound;Supertramp;1985;;Ever Open Door;Brother Where You Bound;Supertramp;1985;;1;1;1;1
Every Grain Of Sand;Shot Of Love;Bob Dylan;1981;;Every Grain Of Sand;Shot Of Love;Bob Dylan;1981;;1;1;1;1
Everything Is Broken;Oh Mercy;Bob Dylan;1989;;Everything Is Broken;Oh Mercy;Bob Dylan;1989;;1;1;1;1
Everything Is Broken;The Best Of Bob Dylan;Bob Dylan;1997;;Everything Is Broken;The Best Of Bob Dylan;Bob Dylan;1997;;1;1;1;1
Father Of Night;New Morning;Bob Dylan;1970;;Father Of Night;New Morning;Bob Dylan;1970;;1;1;1;1
Final Theme ('Pat Garrett And Billy The Kid');Pat Garrett And Billy The Kid;Bob Dylan;1973;;Final Theme ('Pat Garrett And Billy The Kid');Pat Garrett And Billy The Kid;Bob Dylan;1973;;1;1;1;1
Fixin' To Die Blues;Bob Dylan;Bob Dylan;1962;;Fixin' To Die Blues;Bob Dylan;Bob Dylan;1962;;1;1;1;1
Floater;Love And Theft;Bob Dylan;2001;;Floater;Love And Theft;Bob Dylan;2001;;1;1;1;1
Fool Such as I;Dylan;Bob Dylan;1973;;Fool Such as I;Dylan;Bob Dylan;1973;;1;1;1;1
Fool's Overture;Even In The Quietest Moments;Supertramp;1977;;Fool's Overture;Even In The Quietest Moments;Supertramp;1977;;1;1;1;1
Fool's Overture (live);Paris;Supertramp;1980;;Fool's Overture;The Very Best Of Supertramp Vol. 2;Supertramp;1992;;1;#NV;1;#NV
Fool's Overture;The Very Best Of Supertramp Vol. 2;Supertramp;1992;;Fool's Overture (live);Paris;Supertramp;1980;;#NV;1;1;1
Forever Young (II);Planet Waves;Bob Dylan;1974;;Forever;Indelibly Stamped;Supertramp;1971;;1;1;#NV;1
Forever Young;Planet Waves;Bob Dylan;1974;;Forever Young;Planet Waves;Bob Dylan;1974;;1;1;1;1
Forever Young;The Best Of Bob Dylan;Bob Dylan;1997;;Forever Young;The Best Of Bob Dylan;Bob Dylan;1997;;1;1;1;1
Forever;Indelibly Stamped;Supertramp;1971;;Forever Young (II);Planet Waves;Bob Dylan;1974;;#NV;#NV;1;#NV
Fourth Time Around;Blonde On Blonde;Bob Dylan;1966;;Fourth Time Around;Blonde On Blonde;Bob Dylan;1966;;1;1;1;1
Frankie And Albert;Good As I Been To You;Bob Dylan;1992;;Frankie And Albert;Good As I Been To You;Bob Dylan;1992;;1;1;1;1
Free As A Bird;Free As A Bird;Supertramp;1987;;Free As A Bird;Free As A Bird;Supertramp;1987;;1;1;1;1
Free As A Bird (live);It Was The Best Of Times;Supertramp;1999;;Free As A Bird;Retrospectacle - The Supertramp Anthology;Supertramp;2005;;1;#NV;1;#NV
Free As A Bird;Retrospectacle - The Supertramp Anthology;Supertramp;2005;;Free As A Bird;The Very Best Of Supertramp Vol. 2;Supertramp;1992;;1;#NV;1;1
Free As A Bird;The Very Best Of Supertramp Vol. 2;Supertramp;1992;;Free As A Bird (live);It Was The Best Of Times;Supertramp;1999;;#NV;1;1;#NV
Freight Train Blues;Bob Dylan;Bob Dylan;1962;;Freight Train Blues;Bob Dylan;Bob Dylan;1962;;1;1;1;1
Friend In Need;Indelibly Stamped;Supertramp;1971;;Friend In Need;Indelibly Stamped;Supertramp;1971;;1;1;1;1
Froggie Went A Courtin';Good As I Been To You;Bob Dylan;1992;;Froggie Went A Courtin';Good As I Been To You;Bob Dylan;1992;;1;1;1;1
From A Buick Six;Highway 61 Revisited;Bob Dylan;1965;;From A Buick Six;Highway 61 Revisited;Bob Dylan;1965;;1;1;1;1
From Now On;Breakfast In America;Supertramp;1979;;From Now On;Breakfast In America;Supertramp;1979;;1;1;1;1
From Now On;Even In The Quietest Moments;Supertramp;1977;;From Now On;Even In The Quietest Moments;Supertramp;1977;;1;1;1;1
From Now On (live);It Was The Best Of Times;Supertramp;1999;;From Now On;Retrospectacle - The Supertramp Anthology;Supertramp;2005;;1;#NV;1;#NV
From Now On (live);Paris;Supertramp;1980;;From Now On;The Very Best Of Supertramp;Supertramp;1990;;1;#NV;1;#NV
From Now On;Retrospectacle - The Supertramp Anthology;Supertramp;2005;;From Now On (live);It Was The Best Of Times;Supertramp;1999;;#NV;1;1;1
From Now On;The Very Best Of Supertramp;Supertramp;1990;;From Now On (live);Paris;Supertramp;1980;;#NV;1;1;1
Gates Of Eden;Bringing It All Back Home;Bob Dylan;1965;;Gates Of Eden;Bringing It All Back Home;Bob Dylan;1965;;1;1;1;1
Get Your Act Together;Some Things Never Change;Supertramp;1997;;Get Your Act Together;Some Things Never Change;Supertramp;1997;;1;1;1;1
Girl From The North Country;Nashville Skyline;Bob Dylan;1969;;Girl From The North Country;Nashville Skyline;Bob Dylan;1969;;1;1;1;1
Give A Little Bit;Breakfast In America;Supertramp;1979;;Give A Little Bit;Breakfast In America;Supertramp;1979;;1;1;1;1
Give A Little Bit;Even In The Quietest Moments;Supertramp;1977;;Give A Little Bit;Even In The Quietest Moments;Supertramp;1977;;1;1;1;1
Give A Little Bit;Retrospectacle - The Supertramp Anthology;Supertramp;2005;;Give A Little Bit;Retrospectacle - The Supertramp Anthology;Supertramp;2005;;1;1;1;1
Give A Little Bit;The Very Best Of Supertramp;Supertramp;1990;;Give A Little Bit;The Very Best Of Supertramp;Supertramp;1990;;1;1;1;1
Give Me A Chance;Some Things Never Change;Supertramp;1997;;Give Me A Chance;Some Things Never Change;Supertramp;1997;;1;1;1;1
God Knows;Under The Red Sky;Bob Dylan;1990;;God Knows;Under The Red Sky;Bob Dylan;1990;;1;1;1;1
Goin' To Acapulco;The Basement Tapes;Bob Dylan;1975;;Goin' To Acapulco;The Basement Tapes;Bob Dylan;1975;;1;1;1;1
Going, Going, Gone;Planet Waves;Bob Dylan;1974;;Going, Going, Gone;Planet Waves;Bob Dylan;1974;;1;1;1;1
Goldrush;Slow Motion;Supertramp;2002;;Goldrush;Slow Motion;Supertramp;2002;;1;1;1;1
Gone Hollywood;Breakfast In America;Supertramp;1979;;Gone Hollywood;Breakfast In America;Supertramp;1979;;1;1;1;1
Gone Hollywood;Retrospectacle - The Supertramp Anthology;Supertramp;2005;;Gone Hollywood;Retrospectacle - The Supertramp Anthology;Supertramp;2005;;1;1;1;1
Gone Hollywood;The Very Best Of Supertramp Vol. 2;Supertramp;1992;;Gone Hollywood;The Very Best Of Supertramp Vol. 2;Supertramp;1992;;1;1;1;1
Gonna Change My Way Of Thinking;Slow Train Coming;Bob Dylan;1979;;Gonna Change My Way Of Thinking;Slow Train Coming;Bob Dylan;1979;;1;1;1;1
Goodbye Stranger;Breakfast In America;Supertramp;1979;;Goodbye Stranger;Breakfast In America;Supertramp;1979;;1;1;1;1
Goodbye Stranger (live);It Was The Best Of Times;Supertramp;1999;;Goodbye Stranger;Retrospectacle - The Supertramp Anthology;Supertramp;2005;;1;#NV;1;#NV
Goodbye Stranger;Retrospectacle - The Supertramp Anthology;Supertramp;2005;;Goodbye Stranger;The Very Best Of Supertramp;Supertramp;1990;;1;#NV;1;1
Goodbye Stranger;The Very Best Of Supertramp;Supertramp;1990;;Goodbye Stranger (live);It Was The Best Of Times;Supertramp;1999;;#NV;1;1;#NV
Gospel Plow;Bob Dylan;Bob Dylan;1962;;Gospel Plow;Bob Dylan;Bob Dylan;1962;;1;1;1;1
Got My Mind Made Up;Knocked Out Loaded;Bob Dylan;1986;;Got My Mind Made Up;Knocked Out Loaded;Bob Dylan;1986;;1;1;1;1
Gotta Serve Somebody;Slow Train Coming;Bob Dylan;1979;;Gotta Serve Somebody;Slow Train Coming;Bob Dylan;1979;;1;1;1;1
Gotta Serve Somebody;The Best Of Bob Dylan;Bob Dylan;1997;;Gotta Serve Somebody;The Best Of Bob Dylan;Bob Dylan;1997;;1;1;1;1
Gotta Travel On;Self Portrait;Bob Dylan;1970;;Gotta Travel On;Self Portrait;Bob Dylan;1970;;1;1;1;1
Had A Dream About You Baby;Down In The Groove;Bob Dylan;1988;;Had A Dream About You Baby;Down In The Groove;Bob Dylan;1988;;1;1;1;1
Handy Dandy;Under The Red Sky;Bob Dylan;1990;;Handy Dandy;Under The Red Sky;Bob Dylan;1990;;1;1;1;1
Hard Times;Good As I Been To You;Bob Dylan;1992;;Hard Times;Good As I Been To You;Bob Dylan;1992;;1;1;1;1
Hazel;Planet Waves;Bob Dylan;1974;;Hazel;Planet Waves;Bob Dylan;1974;;1;1;1;1
Heart Of Mine;Shot Of Love;Bob Dylan;1981;;Heart Of Mine;Shot Of Love;Bob Dylan;1981;;1;1;1;1
Help Me Down That Road;Some Things Never Change;Supertramp;1997;;Help Me Down That Road;Some Things Never Change;Supertramp;1997;;1;1;1;1
Hide In Your Shell;Breakfast In America;Supertramp;1979;;Hide In Your Shell;Breakfast In America;Supertramp;1979;;1;1;1;1
Hide In Your Shell;Crime Of The Century;Supertramp;1974;;Hide In Your Shell;Crime Of The Century;Supertramp;1974;;1;1;1;1
Hide In Your Shell (live);Paris;Supertramp;1980;;Hide In Your Shell;The Very Best Of Supertramp;Supertramp;1990;;1;#NV;1;#NV
Hide In Your Shell;The Very Best Of Supertramp;Supertramp;1990;;Hide In Your Shell (live);Paris;Supertramp;1980;;#NV;1;1;1
High Water;Love And Theft;Bob Dylan;2001;;High Water;Love And Theft;Bob Dylan;2001;;1;1;1;1
Highlands (live);The Best Of Bob Dylan Volume 2;Bob Dylan;2000;;Highlands;Time Out Of Mind;Bob Dylan;1997;;1;#NV;1;1
Highlands;Time Out Of Mind;Bob Dylan;1997;;Highlands (live);The Best Of Bob Dylan Volume 2;Bob Dylan;2000;;#NV;1;1;#NV
Highway 51 Blues;Bob Dylan;Bob Dylan;1962;;Highway 51 Blues;Bob Dylan;Bob Dylan;1962;;1;1;1;1
Highway 61 Revisited (live);Before The Flood;Bob Dylan;1974;;Highway 61 Revisited;Highway 61 Revisited;Bob Dylan;1965;;1;#NV;1;1
Highway 61 Revisited;Highway 61 Revisited;Bob Dylan;1965;;Highway 61 Revisited;The Best Of Bob Dylan Volume 2;Bob Dylan;2000;;1;#NV;1;#NV
Highway 61 Revisited;The Best Of Bob Dylan Volume 2;Bob Dylan;2000;;Highway 61 Revisited (live);Before The Flood;Bob Dylan;1974;;#NV;1;1;1
Home Again;Supertramp;Supertramp;1970;;Home Again;Supertramp;Supertramp;1970;;1;1;1;1
Honest With Me;Love And Theft;Bob Dylan;2001;;Honest With Me;Love And Theft;Bob Dylan;2001;;1;1;1;1
House Of The Risin' Sun;Bob Dylan;Bob Dylan;1962;;House Of The Risin' Sun;Bob Dylan;Bob Dylan;1962;;1;1;1;1
Hurricane;Desire;Bob Dylan;1975;;Hurricane;Desire;Bob Dylan;1975;;1;1;1;1
Hurricane;The Best Of Bob Dylan Volume 2;Bob Dylan;2000;;Hurricane;The Best Of Bob Dylan Volume 2;Bob Dylan;2000;;1;1;1;1
I Am A Lonesome Hobo;John Wesley Harding;Bob Dylan;1967;;I Am A Lonesome Hobo;John Wesley Harding;Bob Dylan;1967;;1;1;1;1
I And I;Infidels;Bob Dylan;1983;;I And I;Infidels;Bob Dylan;1983;;1;1;1;1
I Believe In You;Slow Train Coming;Bob Dylan;1979;;I Believe In You;Slow Train Coming;Bob Dylan;1979;;1;1;1;1
I Don't Believe You;Another Side Of Bob Dylan;Bob Dylan;1964;;I Don't Believe You;Another Side Of Bob Dylan;Bob Dylan;1964;;1;1;1;1
I Dreamed I Saw St. Augustine;John Wesley Harding;Bob Dylan;1967;;I Dreamed I Saw St. Augustine;John Wesley Harding;Bob Dylan;1967;;1;1;1;1
I Forgot More Than You'll Ever Know;Self Portrait;Bob Dylan;1970;;I Forgot More Than You'll Ever Know;Self Portrait;Bob Dylan;1970;;1;1;1;1
I Pity The Poor Immigrant;John Wesley Harding;Bob Dylan;1967;;I Pity The Poor Immigrant;John Wesley Harding;Bob Dylan;1967;;1;1;1;1
I Shall Be Free - No. 10;Another Side Of Bob Dylan;Bob Dylan;1964;;I Shall Be Free - No. 10;Another Side Of Bob Dylan;Bob Dylan;1964;;1;1;1;1
I Shall Be Released (live);Before The Flood;Bob Dylan;1974;;I Shall Be Released;The Best Of Bob Dylan;Bob Dylan;1997;;1;#NV;1;#NV
I Shall Be Released;The Best Of Bob Dylan;Bob Dylan;1997;;I Shall Be Released (live);Before The Flood;Bob Dylan;1974;;#NV;1;1;1
I Threw It All Away (live);Hard Rain;Bob Dylan;1976;;I Threw It All Away;Nashville Skyline;Bob Dylan;1969;;1;#NV;1;1
I Threw It All Away;Nashville Skyline;Bob Dylan;1969;;I Threw It All Away (live);Hard Rain;Bob Dylan;1976;;#NV;1;1;#NV
I Want You;Blonde On Blonde;Bob Dylan;1966;;I Want You;Blonde On Blonde;Bob Dylan;1966;;1;1;1;1
I Want You;The Best Of Bob Dylan Volume 2;Bob Dylan;2000;;I Want You;The Best Of Bob Dylan Volume 2;Bob Dylan;2000;;1;1;1;1
I'll Be Your Baby Tonight;John Wesley Harding;Bob Dylan;1967;;Idiot Wind;Blood On The Tracks;Bob Dylan;1975;;1;1;1;#NV
I'll Be Your Baby Tonight;The Best Of Bob Dylan Volume 2;Bob Dylan;2000;;Idiot Wind (live);Hard Rain;Bob Dylan;1976;;1;1;1;1
I'll Remember You;Empire Burlesque;Bob Dylan;1985;;If Dogs Run Free;New Morning;Bob Dylan;1970;;1;#NV;1;1
I'm Beggin' You;Free As A Bird;Supertramp;1987;;If Everyone Was Listening;Crime Of The Century;Supertramp;1974;;1;1;1;1
Idiot Wind;Blood On The Tracks;Bob Dylan;1975;;If Everyone Was Listening;The Very Best Of Supertramp Vol. 2;Supertramp;1992;;#NV;#NV;#NV;#NV
Idiot Wind (live);Hard Rain;Bob Dylan;1976;;If Not For You;New Morning;Bob Dylan;1970;;#NV;#NV;1;1
If Dogs Run Free;New Morning;Bob Dylan;1970;;If Not For You;The Best Of Bob Dylan;Bob Dylan;1997;;#NV;#NV;1;#NV
If Everyone Was Listening;Crime Of The Century;Supertramp;1974;;If You See Her, Say Hello;Blood On The Tracks;Bob Dylan;1975;;#NV;1;1;#NV
If Everyone Was Listening;The Very Best Of Supertramp Vol. 2;Supertramp;1992;;I'll Be Your Baby Tonight;John Wesley Harding;Bob Dylan;1967;;#NV;1;1;1
If Not For You;New Morning;Bob Dylan;1970;;I'll Be Your Baby Tonight;The Best Of Bob Dylan Volume 2;Bob Dylan;2000;;#NV;#NV;1;#NV
If Not For You;The Best Of Bob Dylan;Bob Dylan;1997;;I'll Remember You;Empire Burlesque;Bob Dylan;1985;;#NV;1;1;1
If You See Her, Say Hello;Blood On The Tracks;Bob Dylan;1975;;I'm Beggin' You;Free As A Bird;Supertramp;1987;;#NV;#NV;#NV;#NV
In My Time Of Dyin';Bob Dylan;Bob Dylan;1962;;In My Time Of Dyin';Bob Dylan;Bob Dylan;1962;;1;1;1;1
In Search Of Little Sadie;Self Portrait;Bob Dylan;1970;;In Search Of Little Sadie;Self Portrait;Bob Dylan;1970;;1;1;1;1
In The Garden;Saved;Bob Dylan;1980;;In The Garden;Saved;Bob Dylan;1980;;1;1;1;1
In The Summertime;Shot Of Love;Bob Dylan;1981;;In The Summertime;Shot Of Love;Bob Dylan;1981;;1;1;1;1
Is Your Love In Vain;Street Legal;Bob Dylan;1978;;Is Your Love In Vain;Street Legal;Bob Dylan;1978;;1;1;1;1
Isis;Desire;Bob Dylan;1975;;Isis;Desire;Bob Dylan;1975;;1;1;1;1
It Ain't Me Babe;Another Side Of Bob Dylan;Bob Dylan;1964;;It Ain't Me Babe;Another Side Of Bob Dylan;Bob Dylan;1964;;1;1;1;1
It Ain't Me Babe (live);Before The Flood;Bob Dylan;1974;;It Ain't Me Babe;The Best Of Bob Dylan Volume 2;Bob Dylan;2000;;1;#NV;1;#NV
It Ain't Me Babe;The Best Of Bob Dylan Volume 2;Bob Dylan;2000;;It Ain't Me Babe (live);Before The Flood;Bob Dylan;1974;;#NV;1;1;1
It Doesn't Matter;Free As A Bird;Supertramp;1987;;It Doesn't Matter;Free As A Bird;Supertramp;1987;;1;1;1;1
It Hurts Me Too;Self Portrait;Bob Dylan;1970;;It Hurts Me Too;Self Portrait;Bob Dylan;1970;;1;1;1;1
It Takes A Lot To Laugh It Takes A Train To Cry;Highway 61 Revisited;Bob Dylan;1965;;It Takes A Lot To Laugh It Takes A Train To Cry;Highway 61 Revisited;Bob Dylan;1965;;1;1;1;1
It's A Hard World;Some Things Never Change;Supertramp;1997;;It's A Hard World;Some Things Never Change;Supertramp;1997;;1;1;1;1
It's A Long Road;Supertramp;Supertramp;1970;;It's A Long Road;Supertramp;Supertramp;1970;;1;1;1;1
It's All Over Now Baby Blue;Bringing It All Back Home;Bob Dylan;1965;;It's All Over Now Baby Blue;Bringing It All Back Home;Bob Dylan;1965;;1;1;1;1
It's Alright Ma;Bringing It All Back Home;Bob Dylan;1965;;It's Alright;Free As A Bird;Supertramp;1987;;1;#NV;#NV;#NV
It's Alright,Ma (I'm Only Bleeding) (live);Before The Flood;Bob Dylan;1974;;It's Alright Ma;Bringing It All Back Home;Bob Dylan;1965;;1;#NV;1;1
It's Alright;Free As A Bird;Supertramp;1987;;It's Alright,Ma (I'm Only Bleeding) (live);Before The Flood;Bob Dylan;1974;;#NV;1;1;1
It's Raining Again;Breakfast In America;Supertramp;1979;;It's Raining Again;Breakfast In America;Supertramp;1979;;1;1;1;1
It's Raining Again;Famous Last Words;Supertramp;1982;;It's Raining Again;Famous Last Words;Supertramp;1982;;1;1;1;1
It's Raining Again;Retrospectacle - The Supertramp Anthology;Supertramp;2005;;It's Raining Again;Retrospectacle - The Supertramp Anthology;Supertramp;2005;;1;1;1;1
It's Raining Again;The Very Best Of Supertramp;Supertramp;1990;;It's Raining Again;The Very Best Of Supertramp;Supertramp;1990;;1;1;1;1
Jack-A-Roe;World Gone Wrong;Bob Dylan;1993;;Jack-A-Roe;World Gone Wrong;Bob Dylan;1993;;1;1;1;1
Jim Jones;Good As I Been To You;Bob Dylan;1992;;Jim Jones;Good As I Been To You;Bob Dylan;1992;;1;1;1;1
Joey;Desire;Bob Dylan;1975;;Joey;Desire;Bob Dylan;1975;;1;1;1;1
John Brown (live);MTV Unplugged;Bob Dylan;1994;;John Brown (live);MTV Unplugged;Bob Dylan;1994;;1;1;1;1
John Wesley Harding;John Wesley Harding;Bob Dylan;1967;;John Wesley Harding;John Wesley Harding;Bob Dylan;1967;;1;1;1;1
Jokerman;Infidels;Bob Dylan;1983;;Jokerman;Infidels;Bob Dylan;1983;;1;1;1;1
Just A Normal Day;Crisis? What Crisis;Supertramp;1975;;Just A Normal Day;Crisis? What Crisis;Supertramp;1975;;1;1;1;1
Just Another Nervous Wreck;Breakfast In America;Supertramp;1979;;Just Another Nervous Wreck;Breakfast In America;Supertramp;1979;;1;1;1;1
Just Another Nervous Wreck;The Very Best Of Supertramp Vol. 2;Supertramp;1992;;Just Another Nervous Wreck;The Very Best Of Supertramp Vol. 2;Supertramp;1992;;1;1;1;1
Just Like A Woman (live);Before The Flood;Bob Dylan;1974;;Just Like A Woman;Blonde On Blonde;Bob Dylan;1966;;1;#NV;1;1
Just Like A Woman;Blonde On Blonde;Bob Dylan;1966;;Just Like A Woman;The Best Of Bob Dylan;Bob Dylan;1997;;1;#NV;1;#NV
Just Like A Woman;The Best Of Bob Dylan;Bob Dylan;1997;;Just Like A Woman (live);Before The Flood;Bob Dylan;1974;;#NV;1;1;1
Just Like Tom Thumb's Blues;Highway 61 Revisited;Bob Dylan;1965;;Just Like Tom Thumb's Blues;Highway 61 Revisited;Bob Dylan;1965;;1;1;1;1
Katie's Been Gone;The Basement Tapes;Bob Dylan;1975;;Katie's Been Gone;The Basement Tapes;Bob Dylan;1975;;1;1;1;1
Knockin' On Heaven's Door (live);Before The Flood;Bob Dylan;1974;;Knockin' On Heaven's Door;Pat Garrett And Billy The Kid;Bob Dylan;1973;;1;#NV;1;1
Knockin' On Heaven's Door (live);MTV Unplugged;Bob Dylan;1994;;Knockin' On Heaven's Door;The Best Of Bob Dylan;Bob Dylan;1997;;1;#NV;1;#NV
Knockin' On Heaven's Door;Pat Garrett And Billy The Kid;Bob Dylan;1973;;Knockin' On Heaven's Door (live);Before The Flood;Bob Dylan;1974;;#NV;1;1;#NV
Knockin' On Heaven's Door;The Best Of Bob Dylan;Bob Dylan;1997;;Knockin' On Heaven's Door (live);MTV Unplugged;Bob Dylan;1994;;#NV;1;1;1
Know Who You Are;Famous Last Words;Supertramp;1982;;Know Who You Are;Famous Last Words;Supertramp;1982;;1;1;1;1
Lady;Crisis? What Crisis;Supertramp;1975;;Lady;Crisis? What Crisis;Supertramp;1975;;1;1;1;1
Lady;Retrospectacle - The Supertramp Anthology;Supertramp;2005;;Lady;Retrospectacle - The Supertramp Anthology;Supertramp;2005;;1;1;1;1
Lady;The Very Best Of Supertramp Vol. 2;Supertramp;1992;;Lady;The Very Best Of Supertramp Vol. 2;Supertramp;1992;;1;1;1;1
Land Ho;Retrospectacle - The Supertramp Anthology;Supertramp;2005;;Land Ho;Retrospectacle - The Supertramp Anthology;Supertramp;2005;;1;1;1;1
Lay Lady Lay (live);Before The Flood;Bob Dylan;1974;;Lay Lady Lay;Nashville Skyline;Bob Dylan;1969;;1;#NV;1;1
Lay Lady Lay (live);Hard Rain;Bob Dylan;1976;;Lay Lady Lay;The Best Of Bob Dylan;Bob Dylan;1997;;1;#NV;1;#NV
Lay Lady Lay;Nashville Skyline;Bob Dylan;1969;;Lay Lady Lay (live);Before The Flood;Bob Dylan;1974;;#NV;1;1;#NV
Lay Lady Lay;The Best Of Bob Dylan;Bob Dylan;1997;;Lay Lady Lay (live);Hard Rain;Bob Dylan;1976;;#NV;1;1;1
Lenny Bruce;Shot Of Love;Bob Dylan;1981;;Lenny Bruce;Shot Of Love;Bob Dylan;1981;;1;1;1;1
Leopard-Skin Pill-Box Hat;Blonde On Blonde;Bob Dylan;1966;;Leopard-Skin Pill-Box Hat;Blonde On Blonde;Bob Dylan;1966;;1;1;1;1
Let It Be Me;Self Portrait;Bob Dylan;1970;;Let It Be Me;Self Portrait;Bob Dylan;1970;;1;1;1;1
Let's Stick Together;Down In The Groove;Bob Dylan;1988;;Let's Stick Together;Down In The Groove;Bob Dylan;1988;;1;1;1;1
License To Kill;Infidels;Bob Dylan;1983;;License To Kill;Infidels;Bob Dylan;1983;;1;1;1;1
License To Kill;The Best Of Bob Dylan Volume 2;Bob Dylan;2000;;License To Kill;The Best Of Bob Dylan Volume 2;Bob Dylan;2000;;1;1;1;1
Like A Rolling Stone (live);Before The Flood;Bob Dylan;1974;;Like A Rolling Stone;Highway 61 Revisited;Bob Dylan;1965;;1;#NV;1;1
Like A Rolling Stone;Highway 61 Revisited;Bob Dylan;1965;;Like A Rolling Stone;The Best Of Bob Dylan;Bob Dylan;1997;;1;#NV;1;#NV
Like A Rolling Stone (live);MTV Unplugged;Bob Dylan;1994;;Like A Rolling Stone (live);Before The Flood;Bob Dylan;1974;;1;1;1;1
Like A Rolling Stone (live);Self Portrait;Bob Dylan;1970;;Like A Rolling Stone (live);MTV Unplugged;Bob Dylan;1994;;1;1;1;#NV
Like A Rolling Stone;The Best Of Bob Dylan;Bob Dylan;1997;;Like A Rolling Stone (live);Self Portrait;Bob Dylan;1970;;#NV;1;1;1
Lily of the West;Dylan;Bob Dylan;1973;;Lily of the West;Dylan;Bob Dylan;1973;;1;1;1;1
Lily, Rosemary And The Jack Of Hearts;Blood On The Tracks;Bob Dylan;1975;;Lily, Rosemary And The Jack Of Hearts;Blood On The Tracks;Bob Dylan;1975;;1;1;1;1
Listen To Me Please (live);It Was The Best Of Times;Supertramp;1999;;Listen To Me Please;Some Things Never Change;Supertramp;1997;;1;#NV;1;1
Listen To Me Please;Some Things Never Change;Supertramp;1997;;Listen To Me Please (live);It Was The Best Of Times;Supertramp;1999;;#NV;1;1;#NV
Little By Little;Slow Motion;Supertramp;2002;;Little By Little;Slow Motion;Supertramp;2002;;1;1;1;1
Little Maggie;Good As I Been To You;Bob Dylan;1992;;Little Maggie;Good As I Been To You;Bob Dylan;1992;;1;1;1;1
Little Sadie;Self Portrait;Bob Dylan;1970;;Little Sadie;Self Portrait;Bob Dylan;1970;;1;1;1;1
Live To Love You;Some Things Never Change;Supertramp;1997;;Live To Love You;Some Things Never Change;Supertramp;1997;;1;1;1;1
Living The Blues;Self Portrait;Bob Dylan;1970;;Living The Blues;Self Portrait;Bob Dylan;1970;;1;1;1;1
Lo And Behold!;The Basement Tapes;Bob Dylan;1975;;Lo And Behold!;The Basement Tapes;Bob Dylan;1975;;1;1;1;1
Lone Pilgrim;World Gone Wrong;Bob Dylan;1993;;Lone Pilgrim;World Gone Wrong;Bob Dylan;1993;;1;1;1;1
Lonesome Day Blues;Love And Theft;Bob Dylan;2001;;Lonesome Day Blues;Love And Theft;Bob Dylan;2001;;1;1;1;1
Long Distance Operator;The Basement Tapes;Bob Dylan;1975;;Long Distance Operator;The Basement Tapes;Bob Dylan;1975;;1;1;1;1
Lord Is It Mine;Breakfast In America;Supertramp;1979;;Lord Is It Mine;Breakfast In America;Supertramp;1979;;1;1;1;1
Love Henry;World Gone Wrong;Bob Dylan;1993;;Love Henry;World Gone Wrong;Bob Dylan;1993;;1;1;1;1
Love Minus Zero/No Limit;Bringing It All Back Home;Bob Dylan;1965;;Love Minus Zero/No Limit;Bringing It All Back Home;Bob Dylan;1965;;1;1;1;1
Love Minus Zero/No Limit (live);MTV Unplugged;Bob Dylan;1994;;Love Minus Zero/No Limit (live);MTV Unplugged;Bob Dylan;1994;;1;1;1;1
Love Sick;Time Out Of Mind;Bob Dylan;1997;;Love Sick;Time Out Of Mind;Bob Dylan;1997;;1;1;1;1
Lover Boy;Even In The Quietest Moments;Supertramp;1977;;Lover Boy;Even In The Quietest Moments;Supertramp;1977;;1;1;1;1
Maggie's Farm;Bringing It All Back Home;Bob Dylan;1965;;Maggie's Farm;Bringing It All Back Home;Bob Dylan;1965;;1;1;1;1
Maggie's Farm (live);Hard Rain;Bob Dylan;1976;;Maggie's Farm (live);Hard Rain;Bob Dylan;1976;;1;1;1;1
Main Tittle Theme (Billy);Pat Garrett And Billy The Kid;Bob Dylan;1973;;Main Tittle Theme (Billy);Pat Garrett And Billy The Kid;Bob Dylan;1973;;1;1;1;1
Make You Feel My Love;Time Out Of Mind;Bob Dylan;1997;;Make You Feel My Love;Time Out Of Mind;Bob Dylan;1997;;1;1;1;1
Man Gave Names To All Animals;Slow Train Coming;Bob Dylan;1979;;Man Gave Names To All Animals;Slow Train Coming;Bob Dylan;1979;;1;1;1;1
Man In The Long Black Coat;Oh Mercy;Bob Dylan;1989;;Man In The Long Black Coat;Oh Mercy;Bob Dylan;1989;;1;1;1;1
Man Of Constant Sorrow;Bob Dylan;Bob Dylan;1962;;Man Of Constant Sorrow;Bob Dylan;Bob Dylan;1962;;1;1;1;1
Man Of Peace;Infidels;Bob Dylan;1983;;Man Of Peace;Infidels;Bob Dylan;1983;;1;1;1;1
Mary Ann;Dylan;Bob Dylan;1973;;Mary Ann;Dylan;Bob Dylan;1973;;1;1;1;1
Maybe I'm A Beggar;Supertramp;Supertramp;1970;;Maybe I'm A Beggar;Supertramp;Supertramp;1970;;1;1;1;1
Maybe Someday;Knocked Out Loaded;Bob Dylan;1986;;Maybe Someday;Knocked Out Loaded;Bob Dylan;1986;;1;1;1;1
Meet Me In The Morning;Blood On The Tracks;Bob Dylan;1975;;Meet Me In The Morning;Blood On The Tracks;Bob Dylan;1975;;1;1;1;1
Million Dollar Bash;The Basement Tapes;Bob Dylan;1975;;Million Dollar Bash;The Basement Tapes;Bob Dylan;1975;;1;1;1;1
Million Miles;Time Out Of Mind;Bob Dylan;1997;;Million Miles;Time Out Of Mind;Bob Dylan;1997;;1;1;1;1
Minstrel Boy (live);Self Portrait;Bob Dylan;1970;;Minstrel Boy (live);Self Portrait;Bob Dylan;1970;;1;1;1;1
Mississippi;Love And Theft;Bob Dylan;2001;;Mississippi;Love And Theft;Bob Dylan;2001;;1;1;1;1
Moonlight;Love And Theft;Bob Dylan;2001;;Moonlight;Love And Theft;Bob Dylan;2001;;1;1;1;1
Most Likely You Go Your Way And I'll Go Mine (live);Before The Flood;Bob Dylan;1974;;Most Likely You Go Your Way And I'll Go Mine;Blonde On Blonde;Bob Dylan;1966;;1;#NV;1;1
Most Likely You Go Your Way And I'll Go Mine;Blonde On Blonde;Bob Dylan;1966;;Most Likely You Go Your Way And I'll Go Mine (live);Before The Flood;Bob Dylan;1974;;#NV;1;1;#NV
Most Of The Time;Oh Mercy;Bob Dylan;1989;;Most Of The Time;Oh Mercy;Bob Dylan;1989;;1;1;1;1
Motorpsycho Nitemare;Another Side Of Bob Dylan;Bob Dylan;1964;;Motorpsycho Nitemare;Another Side Of Bob Dylan;Bob Dylan;1964;;1;1;1;1
Mozambique;Desire;Bob Dylan;1975;;Mozambique;Desire;Bob Dylan;1975;;1;1;1;1
Mr. Bojangles;Dylan;Bob Dylan;1973;;Mr. Bojangles;Dylan;Bob Dylan;1973;;1;1;1;1
Mr. Tambourine Man;Bringing It All Back Home;Bob Dylan;1965;;Mr. Tambourine Man;Bringing It All Back Home;Bob Dylan;1965;;1;1;1;1
Mr. Tambourine Man;The Best Of Bob Dylan;Bob Dylan;1997;;Mr. Tambourine Man;The Best Of Bob Dylan;Bob Dylan;1997;;1;1;1;1
My Back Pages;Another Side Of Bob Dylan;Bob Dylan;1964;;My Back Pages;Another Side Of Bob Dylan;Bob Dylan;1964;;1;1;1;1
My Kind Of Lady;Retrospectacle - The Supertramp Anthology;Supertramp;2005;;My Kind of Lady;Famous Last Words;Supertramp;1982;;1;1;1;1
My Kind Of Lady;The Very Best Of Supertramp Vol. 2;Supertramp;1992;;My Kind Of Lady;Retrospectacle - The Supertramp Anthology;Supertramp;2005;;1;1;1;#NV
My Kind of Lady;Famous Last Words;Supertramp;1982;;My Kind Of Lady;The Very Best Of Supertramp Vol. 2;Supertramp;1992;;1;#NV;1;#NV
Nashville Skyline Rag;Nashville Skyline;Bob Dylan;1969;;Nashville Skyline Rag;Nashville Skyline;Bob Dylan;1969;;1;1;1;1
Neighborhood Bully;Infidels;Bob Dylan;1983;;Neighborhood Bully;Infidels;Bob Dylan;1983;;1;1;1;1
Nettie Moore;Modern Times;Bob Dylan;2006;;Nettie Moore;Modern Times;Bob Dylan;2006;;1;1;1;1
Never Gonna Be The Same Again;Empire Burlesque;Bob Dylan;1985;;Never Gonna Be The Same Again;Empire Burlesque;Bob Dylan;1985;;1;1;1;1
Never Say Goodbye;Planet Waves;Bob Dylan;1974;;Never Say Goodbye;Planet Waves;Bob Dylan;1974;;1;1;1;1
New Morning;New Morning;Bob Dylan;1970;;New Morning;New Morning;Bob Dylan;1970;;1;1;1;1
New Pony;Street Legal;Bob Dylan;1978;;New Pony;Street Legal;Bob Dylan;1978;;1;1;1;1
Ninety Miles An Hour;Down In The Groove;Bob Dylan;1988;;Ninety Miles An Hour;Down In The Groove;Bob Dylan;1988;;1;1;1;1
No Inbetween;Brother Where You Bound;Supertramp;1985;;No Inbetween;Brother Where You Bound;Supertramp;1985;;1;1;1;1
No Time To Think;Street Legal;Bob Dylan;1978;;No Time To Think;Street Legal;Bob Dylan;1978;;1;1;1;1
Not Dark Yet;The Best Of Bob Dylan Volume 2;Bob Dylan;2000;;Not Dark Yet;The Best Of Bob Dylan Volume 2;Bob Dylan;2000;;1;1;1;1
Not Dark Yet;Time Out Of Mind;Bob Dylan;1997;;Not Dark Yet;Time Out Of Mind;Bob Dylan;1997;;1;1;1;1
Not The Moment;Free As A Bird;Supertramp;1987;;Not The Moment;Free As A Bird;Supertramp;1987;;1;1;1;1
Nothing To Show;Supertramp;Supertramp;1970;;Nothing To Show;Supertramp;Supertramp;1970;;1;1;1;1
Nothing Was Delivered;The Basement Tapes;Bob Dylan;1975;;Nothing Was Delivered;The Basement Tapes;Bob Dylan;1975;;1;1;1;1
Obviously Five Believers;Blonde On Blonde;Bob Dylan;1966;;Obviously Five Believers;Blonde On Blonde;Bob Dylan;1966;;1;1;1;1
Odds And Ends;The Basement Tapes;Bob Dylan;1975;;Odds And Ends;The Basement Tapes;Bob Dylan;1975;;1;1;1;1
Oh Darling;Breakfast In America;Supertramp;1979;;Oh Darling;Breakfast In America;Supertramp;1979;;1;1;1;1
Oh Darling;Free As A Bird;Supertramp;1987;;Oh Darling;Free As A Bird;Supertramp;1987;;1;1;1;1
Oh Darling;Retrospectacle - The Supertramp Anthology;Supertramp;2005;;Oh Darling;Retrospectacle - The Supertramp Anthology;Supertramp;2005;;1;1;1;1
Oh Darling;The Very Best Of Supertramp Vol. 2;Supertramp;1992;;Oh Darling;The Very Best Of Supertramp Vol. 2;Supertramp;1992;;1;1;1;1
Oh, Sister;Desire;Bob Dylan;1975;;Oh, Sister;Desire;Bob Dylan;1975;;1;1;1;1
Oh, Sister;The Best Of Bob Dylan;Bob Dylan;1997;;Oh, Sister;The Best Of Bob Dylan;Bob Dylan;1997;;1;1;1;1
Oh,Sister (live);Hard Rain;Bob Dylan;1976;;Oh,Sister (live);Hard Rain;Bob Dylan;1976;;1;1;1;1
On A Night Like This;Planet Waves;Bob Dylan;1974;;On A Night Like This;Planet Waves;Bob Dylan;1974;;1;1;1;1
On The Road Again;Bringing It All Back Home;Bob Dylan;1965;;On The Road Again;Bringing It All Back Home;Bob Dylan;1965;;1;1;1;1
One More Cup Of Coffee;Desire;Bob Dylan;1975;;One More Cup Of Coffee;Desire;Bob Dylan;1975;;1;1;1;1
One More Night;Nashville Skyline;Bob Dylan;1969;;One More Night;Nashville Skyline;Bob Dylan;1969;;1;1;1;1
One More Weekend;New Morning;Bob Dylan;1970;;One More Weekend;New Morning;Bob Dylan;1970;;1;1;1;1
One Of Us Must Know;Blonde On Blonde;Bob Dylan;1966;;One Of Us Must Know;Blonde On Blonde;Bob Dylan;1966;;1;1;1;1
One Too Many Mornings (live);Hard Rain;Bob Dylan;1976;;One Too Many Mornings (live);Hard Rain;Bob Dylan;1976;;1;1;1;1
Open The Door, Homer;The Basement Tapes;Bob Dylan;1975;;Open The Door, Homer;The Basement Tapes;Bob Dylan;1975;;1;1;1;1
Orange Juice Blues (Blues For Breakfast);The Basement Tapes;Bob Dylan;1975;;Orange Juice Blues (Blues For Breakfast);The Basement Tapes;Bob Dylan;1975;;1;1;1;1
Outlaw Blues;Bringing It All Back Home;Bob Dylan;1965;;Outlaw Blues;Bringing It All Back Home;Bob Dylan;1965;;1;1;1;1
Over You;Retrospectacle - The Supertramp Anthology;Supertramp;2005;;Over You;Retrospectacle - The Supertramp Anthology;Supertramp;2005;;1;1;1;1
Over You;Slow Motion;Supertramp;2002;;Over You;Slow Motion;Supertramp;2002;;1;1;1;1
Peggy Day;Nashville Skyline;Bob Dylan;1969;;Peggy Day;Nashville Skyline;Bob Dylan;1969;;1;1;1;1
Please,Mrs. Henry;The Basement Tapes;Bob Dylan;1975;;Please,Mrs. Henry;The Basement Tapes;Bob Dylan;1975;;1;1;1;1
Pledging My Time;Blonde On Blonde;Bob Dylan;1966;;Pledging My Time;Blonde On Blonde;Bob Dylan;1966;;1;1;1;1
Po' Boy;Love And Theft;Bob Dylan;2001;;Po' Boy;Love And Theft;Bob Dylan;2001;;1;1;1;1
Political World;Oh Mercy;Bob Dylan;1989;;Political World;Oh Mercy;Bob Dylan;1989;;1;1;1;1
Poor Boy;Crisis? What Crisis;Supertramp;1975;;Poor Boy;Crisis? What Crisis;Supertramp;1975;;1;1;1;1
Positively Fourth Street;The Best Of Bob Dylan Volume 2;Bob Dylan;2000;;Positively Fourth Street;The Best Of Bob Dylan Volume 2;Bob Dylan;2000;;1;1;1;1
Potter;Indelibly Stamped;Supertramp;1971;;Potter;Indelibly Stamped;Supertramp;1971;;1;1;1;1
Precious Angel;Slow Train Coming;Bob Dylan;1979;;Precious Angel;Slow Train Coming;Bob Dylan;1979;;1;1;1;1
Precious Memories;Knocked Out Loaded;Bob Dylan;1986;;Precious Memories;Knocked Out Loaded;Bob Dylan;1986;;1;1;1;1
Pressing On;Saved;Bob Dylan;1980;;Pressing On;Saved;Bob Dylan;1980;;1;1;1;1
Pretty Peggy-0;Bob Dylan;Bob Dylan;1962;;Pretty Peggy-0;Bob Dylan;Bob Dylan;1962;;1;1;1;1
Property Of Jesus;Shot Of Love;Bob Dylan;1981;;Property Of Jesus;Shot Of Love;Bob Dylan;1981;;1;1;1;1
Put On Your Old Brown Shoes;Famous Last Words;Supertramp;1982;;Put On Your Old Brown Shoes;Famous Last Words;Supertramp;1982;;1;1;1;1
Queen Jane Approximately;Highway 61 Revisited;Bob Dylan;1965;;Queen Jane Approximately;Highway 61 Revisited;Bob Dylan;1965;;1;1;1;1
Quinn The Eskimo;The Best Of Bob Dylan Volume 2;Bob Dylan;2000;;Quinn The Eskimo;The Best Of Bob Dylan Volume 2;Bob Dylan;2000;;1;1;1;1
Ragged And Dirty;World Gone Wrong;Bob Dylan;1993;;Ragged And Dirty;World Gone Wrong;Bob Dylan;1993;;1;1;1;1
Rainy Day Women #12 & 35 (live);Before The Flood;Bob Dylan;1974;;Rainy Day Women #12 & 35 (live);Before The Flood;Bob Dylan;1974;;1;1;1;1
Rainy Day Women Nos. 12 + 35;Blonde On Blonde;Bob Dylan;1966;;Rainy Day Women Nos. 12 + 35;Blonde On Blonde;Bob Dylan;1966;;1;1;1;1
Rainy Day Women Nos. 12 + 35 (live);MTV Unplugged;Bob Dylan;1994;;Rainy Day Women Nos. 12 + 35 (live);MTV Unplugged;Bob Dylan;1994;;1;1;1;1
Rainy Day Women Numbers 12 And 35;The Best Of Bob Dylan Volume 2;Bob Dylan;2000;;Rainy Day Women Numbers 12 And 35;The Best Of Bob Dylan Volume 2;Bob Dylan;2000;;1;1;1;1
Rank Strangers To Me;Down In The Groove;Bob Dylan;1988;;Rank Strangers To Me;Down In The Groove;Bob Dylan;1988;;1;1;1;1
Remember;Indelibly Stamped;Supertramp;1971;;Remember;Indelibly Stamped;Supertramp;1971;;1;1;1;1
Ring Them Bells;Oh Mercy;Bob Dylan;1989;;Ring Them Bells;Oh Mercy;Bob Dylan;1989;;1;1;1;1
River Theme;Pat Garrett And Billy The Kid;Bob Dylan;1973;;River Theme;Pat Garrett And Billy The Kid;Bob Dylan;1973;;1;1;1;1
Rollin' And Tumblin';Modern Times;Bob Dylan;2006;;Rollin' And Tumblin';Modern Times;Bob Dylan;2006;;1;1;1;1
Romance In Durango;Desire;Bob Dylan;1975;;Romance In Durango;Desire;Bob Dylan;1975;;1;1;1;1
Rosie Had Everything Planned;Indelibly Stamped;Supertramp;1971;;Rosie Had Everything Planned;Indelibly Stamped;Supertramp;1971;;1;1;1;1
Ruben Remus;The Basement Tapes;Bob Dylan;1975;;Ruben Remus;The Basement Tapes;Bob Dylan;1975;;1;1;1;1
Rudy;Crime Of The Century;Supertramp;1974;;Rudy;Crime Of The Century;Supertramp;1974;;1;1;1;1
Rudy (live);Paris;Supertramp;1980;;Rudy;Retrospectacle - The Supertramp Anthology;Supertramp;2005;;1;#NV;1;#NV
Rudy;Retrospectacle - The Supertramp Anthology;Supertramp;2005;;Rudy;The Very Best Of Supertramp;Supertramp;1990;;1;#NV;1;1
Rudy;The Very Best Of Supertramp;Supertramp;1990;;Rudy (live);Paris;Supertramp;1980;;#NV;1;1;1
Sad Eyed Lady Of The Lowlands;Blonde On Blonde;Bob Dylan;1966;;Sad Eyed Lady Of The Lowlands;Blonde On Blonde;Bob Dylan;1966;;1;1;1;1
Sally Sue Brown;Down In The Groove;Bob Dylan;1988;;Sally Sue Brown;Down In The Groove;Bob Dylan;1988;;1;1;1;1
Sara;Desire;Bob Dylan;1975;;Sara;Desire;Bob Dylan;1975;;1;1;1;1
Sarah Jane;Dylan;Bob Dylan;1973;;Sarah Jane;Dylan;Bob Dylan;1973;;1;1;1;1
Saved;Saved;Bob Dylan;1980;;Saved;Saved;Bob Dylan;1980;;1;1;1;1
Saving Grace;Saved;Bob Dylan;1980;;Saving Grace;Saved;Bob Dylan;1980;;1;1;1;1
School;Crime Of The Century;Supertramp;1974;;School;Crime Of The Century;Supertramp;1974;;1;1;1;1
School (live);It Was The Best Of Times;Supertramp;1999;;School;Retrospectacle - The Supertramp Anthology;Supertramp;2005;;1;#NV;1;#NV
School (live);Paris;Supertramp;1980;;School;The Very Best Of Supertramp;Supertramp;1990;;1;#NV;1;#NV
School;Retrospectacle - The Supertramp Anthology;Supertramp;2005;;School (live);It Was The Best Of Times;Supertramp;1999;;#NV;1;1;1
School;The Very Best Of Supertramp;Supertramp;1990;;School (live);Paris;Supertramp;1980;;#NV;1;1;1
See That My Grave Is Kept Clean;Bob Dylan;Bob Dylan;1962;;See That My Grave Is Kept Clean;Bob Dylan;Bob Dylan;1962;;1;1;1;1
Seeing The Real You At Last;Empire Burlesque;Bob Dylan;1985;;Seeing The Real You At Last;Empire Burlesque;Bob Dylan;1985;;1;1;1;1
Senor;Street Legal;Bob Dylan;1978;;Senor;Street Legal;Bob Dylan;1978;;1;1;1;1
Shadow Song;Supertramp;Supertramp;1970;;Shadow Song;Supertramp;Supertramp;1970;;1;1;1;1
She Belongs To Me;Bringing It All Back Home;Bob Dylan;1965;;She Belongs To Me;Bringing It All Back Home;Bob Dylan;1965;;1;1;1;1
She Belongs To Me (live);Self Portrait;Bob Dylan;1970;;She Belongs To Me (live);Self Portrait;Bob Dylan;1970;;1;1;1;1
She's No Good;Bob Dylan;Bob Dylan;1962;;Shelter From The Storm;Blood On The Tracks;Bob Dylan;1975;;1;1;1;#NV
Shelter From The Storm;Blood On The Tracks;Bob Dylan;1975;;Shelter From The Storm;The Best Of Bob Dylan;Bob Dylan;1997;;1;#NV;1;#NV
Shelter From The Storm (live);Hard Rain;Bob Dylan;1976;;Shelter From The Storm (live);Hard Rain;Bob Dylan;1976;;1;1;1;1
Shelter From The Storm;The Best Of Bob Dylan;Bob Dylan;1997;;Shenandoah;Down In The Groove;Bob Dylan;1988;;#NV;1;1;1
Shenandoah;Down In The Groove;Bob Dylan;1988;;She's No Good;Bob Dylan;Bob Dylan;1962;;#NV;1;1;1
Shooting Star (live);MTV Unplugged;Bob Dylan;1994;;Shooting Star;Oh Mercy;Bob Dylan;1989;;1;#NV;1;1
Shooting Star;Oh Mercy;Bob Dylan;1989;;Shooting Star (live);MTV Unplugged;Bob Dylan;1994;;#NV;1;1;#NV
Shot Of Love;Shot Of Love;Bob Dylan;1981;;Shot Of Love;Shot Of Love;Bob Dylan;1981;;1;1;1;1
Sign On The Window;New Morning;Bob Dylan;1970;;Sign On The Window;New Morning;Bob Dylan;1970;;1;1;1;1
Silvio;Down In The Groove;Bob Dylan;1988;;Silvio;Down In The Groove;Bob Dylan;1988;;1;1;1;1
Silvio;The Best Of Bob Dylan Volume 2;Bob Dylan;2000;;Silvio;The Best Of Bob Dylan Volume 2;Bob Dylan;2000;;1;1;1;1
Simple Twist Of Fate;Blood On The Tracks;Bob Dylan;1975;;Simple Twist Of Fate;Blood On The Tracks;Bob Dylan;1975;;1;1;1;1
Simple Twist Of Fate;The Best Of Bob Dylan Volume 2;Bob Dylan;2000;;Simple Twist Of Fate;The Best Of Bob Dylan Volume 2;Bob Dylan;2000;;1;1;1;1
Sister Moonshine;Crisis? What Crisis;Supertramp;1975;;Sister Moonshine;Crisis? What Crisis;Supertramp;1975;;1;1;1;1
Sister Moonshine;Retrospectacle - The Supertramp Anthology;Supertramp;2005;;Sister Moonshine;Retrospectacle - The Supertramp Anthology;Supertramp;2005;;1;1;1;1
Sittin' On Top Of The World;Good As I Been To You;Bob Dylan;1992;;Sittin' On Top Of The World;Good As I Been To You;Bob Dylan;1992;;1;1;1;1
Slow Motion;Slow Motion;Supertramp;2002;;Slow Motion;Slow Motion;Supertramp;2002;;1;1;1;1
Slow Train;Slow Train Coming;Bob Dylan;1979;;Slow Train;Slow Train Coming;Bob Dylan;1979;;1;1;1;1
Solid Rock;Saved;Bob Dylan;1980;;Solid Rock;Saved;Bob Dylan;1980;;1;1;1;1
Some Things Never Change;Some Things Never Change;Supertramp;1997;;Some Things Never Change;Some Things Never Change;Supertramp;1997;;1;1;1;1
Someday Baby;Modern Times;Bob Dylan;2006;;Someday Baby;Modern Times;Bob Dylan;2006;;1;1;1;1
Something There Is About You;Planet Waves;Bob Dylan;1974;;Something There Is About You;Planet Waves;Bob Dylan;1974;;1;1;1;1
Something's Burning, Baby;Empire Burlesque;Bob Dylan;1985;;Something's Burning, Baby;Empire Burlesque;Bob Dylan;1985;;1;1;1;1
Song To Woody;Bob Dylan;Bob Dylan;1962;;Song To Woody;Bob Dylan;Bob Dylan;1962;;1;1;1;1
Sooner Or Later (live);It Was The Best Of Times;Supertramp;1999;;Sooner Or Later;Some Things Never Change;Supertramp;1997;;1;#NV;1;1
Sooner Or Later;Some Things Never Change;Supertramp;1997;;Sooner Or Later (live);It Was The Best Of Times;Supertramp;1999;;#NV;1;1;#NV
Spanish Harlem Incident;Another Side Of Bob Dylan;Bob Dylan;1964;;Spanish Harlem Incident;Another Side Of Bob Dylan;Bob Dylan;1964;;1;1;1;1
Spanish Is the Loving Tongue;Dylan;Bob Dylan;1973;;Spanish Is the Loving Tongue;Dylan;Bob Dylan;1973;;1;1;1;1
Spirit On The Water;Modern Times;Bob Dylan;2006;;Spirit On The Water;Modern Times;Bob Dylan;2006;;1;1;1;1
Stack A Lee;World Gone Wrong;Bob Dylan;1993;;Stack A Lee;World Gone Wrong;Bob Dylan;1993;;1;1;1;1
Stage Fright (live);Before The Flood;Bob Dylan;1974;;Stage Fright (live);Before The Flood;Bob Dylan;1974;;1;1;1;1
Standing In The Doorway;Time Out Of Mind;Bob Dylan;1997;;Standing In The Doorway;Time Out Of Mind;Bob Dylan;1997;;1;1;1;1
Step It Up And Go;Good As I Been To You;Bob Dylan;1992;;Step It Up And Go;Good As I Been To You;Bob Dylan;1992;;1;1;1;1
Still In Love;Brother Where You Bound;Supertramp;1985;;Still In Love;Brother Where You Bound;Supertramp;1985;;1;1;1;1
Stuck Inside Of Mobile With The Memphis Blues Again;Blonde On Blonde;Bob Dylan;1966;;Stuck Inside Of Mobile With The Memphis Blues Again;Blonde On Blonde;Bob Dylan;1966;;1;1;1;1
Stuck Inside Of Mobile With The Memphis Blues Again (live);Hard Rain;Bob Dylan;1976;;Stuck Inside Of Mobile With The Memphis Blues Again (live);Hard Rain;Bob Dylan;1976;;1;1;1;1
Subterranean Homesick Blues;Bringing It All Back Home;Bob Dylan;1965;;Subterranean Homesick Blues;Bringing It All Back Home;Bob Dylan;1965;;1;1;1;1
Subterranean Homesick Blues;The Best Of Bob Dylan Volume 2;Bob Dylan;2000;;Subterranean Homesick Blues;The Best Of Bob Dylan Volume 2;Bob Dylan;2000;;1;1;1;1
Sugar Baby;Love And Theft;Bob Dylan;2001;;Sugar Baby;Love And Theft;Bob Dylan;2001;;1;1;1;1
Summer Days;Love And Theft;Bob Dylan;2001;;Summer Days;Love And Theft;Bob Dylan;2001;;1;1;1;1
Summer Romance;Retrospectacle - The Supertramp Anthology;Supertramp;2005;;Summer Romance;Retrospectacle - The Supertramp Anthology;Supertramp;2005;;1;1;1;1
Surely;Retrospectacle - The Supertramp Anthology;Supertramp;2005;;Surely;Retrospectacle - The Supertramp Anthology;Supertramp;2005;;1;1;1;1
Surely;Supertramp;Supertramp;1970;;Surely;Supertramp;Supertramp;1970;;1;1;1;1
Surely;Supertramp;Supertramp;1970;;Surely;Supertramp;Supertramp;1970;;1;1;1;1
Sweetheart Like You;Infidels;Bob Dylan;1983;;Sweetheart Like You;Infidels;Bob Dylan;1983;;1;1;1;1
T.V. Talkin' Song;Under The Red Sky;Bob Dylan;1990;;T.V. Talkin' Song;Under The Red Sky;Bob Dylan;1990;;1;1;1;1
Take A Message To Mary;Self Portrait;Bob Dylan;1970;;Take A Message To Mary;Self Portrait;Bob Dylan;1970;;1;1;1;1
Take Me As I Am;Self Portrait;Bob Dylan;1970;;Take Me As I Am;Self Portrait;Bob Dylan;1970;;1;1;1;1
Take The Long Way Home;Breakfast In America;Supertramp;1979;;Take The Long Way Home;Breakfast In America;Supertramp;1979;;1;1;1;1
Take The Long Way Home (live);It Was The Best Of Times;Supertramp;1999;;Take The Long Way Home;Retrospectacle - The Supertramp Anthology;Supertramp;2005;;1;#NV;1;#NV
Take The Long Way Home (live);Paris;Supertramp;1980;;Take The Long Way Home;The Very Best Of Supertramp;Supertramp;1990;;1;#NV;1;#NV
Take The Long Way Home;Retrospectacle - The Supertramp Anthology;Supertramp;2005;;Take The Long Way Home (live);It Was The Best Of Times;Supertramp;1999;;#NV;1;1;1
Take The Long Way Home;The Very Best Of Supertramp;Supertramp;1990;;Take The Long Way Home (live);Paris;Supertramp;1980;;#NV;1;1;1
Talkin' New York;Bob Dylan;Bob Dylan;1962;;Talkin' New York;Bob Dylan;Bob Dylan;1962;;1;1;1;1
Tangled Up In Blue;Blood On The Tracks;Bob Dylan;1975;;Tangled Up In Blue;Blood On The Tracks;Bob Dylan;1975;;1;1;1;1
Tangled Up In Blue;The Best Of Bob Dylan;Bob Dylan;1997;;Tangled Up In Blue;The Best Of Bob Dylan;Bob Dylan;1997;;1;1;1;1
Tears Of Rage;The Basement Tapes;Bob Dylan;1975;;Tears Of Rage;The Basement Tapes;Bob Dylan;1975;;1;1;1;1
Tell Me That It Isn't True;Nashville Skyline;Bob Dylan;1969;;Tell Me That It Isn't True;Nashville Skyline;Bob Dylan;1969;;1;1;1;1
Temporary Like Achilles;Blonde On Blonde;Bob Dylan;1966;;Temporary Like Achilles;Blonde On Blonde;Bob Dylan;1966;;1;1;1;1
Ten Thousand Men;Under The Red Sky;Bob Dylan;1990;;Ten Thousand Men;Under The Red Sky;Bob Dylan;1990;;1;1;1;1
Tenth Avenue Breakdown;Slow Motion;Supertramp;2002;;Tenth Avenue Breakdown;Slow Motion;Supertramp;2002;;1;1;1;1
The Ballad Of Frankie Lee And Judas Priest;John Wesley Harding;Bob Dylan;1967;;The Ballad Of Frankie Lee And Judas Priest;John Wesley Harding;Bob Dylan;1967;;1;1;1;1
The Boxer;Self Portrait;Bob Dylan;1970;;The Boxer;Self Portrait;Bob Dylan;1970;;1;1;1;1
The Groom's Still Waiting At The Altar;Shot Of Love;Bob Dylan;1981;;The Groom's Still Waiting At The Altar;Shot Of Love;Bob Dylan;1981;;1;1;1;1
The Levee's Gonna Break;Modern Times;Bob Dylan;2006;;The Levee's Gonna Break;Modern Times;Bob Dylan;2006;;1;1;1;1
The Logical Song;Breakfast In America;Supertramp;1979;;The Logical Song;Breakfast In America;Supertramp;1979;;1;1;1;1
The Logical Song (live);It Was The Best Of Times;Supertramp;1999;;The Logical Song;Retrospectacle - The Supertramp Anthology;Supertramp;2005;;1;#NV;1;#NV
The Logical Song (live);Paris;Supertramp;1980;;The Logical Song;The Very Best Of Supertramp;Supertramp;1990;;1;#NV;1;#NV
The Logical Song;Retrospectacle - The Supertramp Anthology;Supertramp;2005;;The Logical Song (live);It Was The Best Of Times;Supertramp;1999;;#NV;1;1;1
The Logical Song;The Very Best Of Supertramp;Supertramp;1990;;The Logical Song (live);Paris;Supertramp;1980;;#NV;1;1;1
The Man In Me;New Morning;Bob Dylan;1970;;The Man In Me;New Morning;Bob Dylan;1970;;1;1;1;1
The Meaning;Crisis? What Crisis;Supertramp;1975;;The Meaning;Crisis? What Crisis;Supertramp;1975;;1;1;1;1
The Mighty Quinn (live);Self Portrait;Bob Dylan;1970;;The Mighty Quinn (live);Self Portrait;Bob Dylan;1970;;1;1;1;1
The Night They Drove Old Dixie Down (live);Before The Flood;Bob Dylan;1974;;The Night They Drove Old Dixie Down (live);Before The Flood;Bob Dylan;1974;;1;1;1;1
The Shape I'm In (live);Before The Flood;Bob Dylan;1974;;The Shape I'm In (live);Before The Flood;Bob Dylan;1974;;1;1;1;1
The Times They Are A-Changin' (live);MTV Unplugged;Bob Dylan;1994;;The Times They Are A-Changin';The Best Of Bob Dylan;Bob Dylan;1997;;1;#NV;1;#NV
The Times They Are A-Changin';The Best Of Bob Dylan;Bob Dylan;1997;;The Times They Are A-Changin' (live);MTV Unplugged;Bob Dylan;1994;;#NV;1;1;1
The Weight (live);Before The Flood;Bob Dylan;1974;;The Weight (live);Before The Flood;Bob Dylan;1974;;1;1;1;1
The Wicked Messenger;John Wesley Harding;Bob Dylan;1967;;The Wicked Messenger;John Wesley Harding;Bob Dylan;1967;;1;1;1;1
They Killed Him;Knocked Out Loaded;Bob Dylan;1986;;They Killed Him;Knocked Out Loaded;Bob Dylan;1986;;1;1;1;1
Thing For You;Free As A Bird;Supertramp;1987;;Thing For You;Free As A Bird;Supertramp;1987;;1;1;1;1
Things Have Changed;The Best Of Bob Dylan Volume 2;Bob Dylan;2000;;Things Have Changed;The Best Of Bob Dylan Volume 2;Bob Dylan;2000;;1;1;1;1
This Wheel's On Fire;The Basement Tapes;Bob Dylan;1975;;This Wheel's On Fire;The Basement Tapes;Bob Dylan;1975;;1;1;1;1
Three Angels;New Morning;Bob Dylan;1970;;Three Angels;New Morning;Bob Dylan;1970;;1;1;1;1
Thunder On The Mountain;Modern Times;Bob Dylan;2006;;Thunder On The Mountain;Modern Times;Bob Dylan;2006;;1;1;1;1
Tight Connection To My Heart;Empire Burlesque;Bob Dylan;1985;;Tight Connection To My Heart;Empire Burlesque;Bob Dylan;1985;;1;1;1;1
Til I Fell In Love With You;Time Out Of Mind;Bob Dylan;1997;;Til I Fell In Love With You;Time Out Of Mind;Bob Dylan;1997;;1;1;1;1
Time Passes Slowly;New Morning;Bob Dylan;1970;;Time Passes Slowly;New Morning;Bob Dylan;1970;;1;1;1;1
Times Have Changed;Indelibly Stamped;Supertramp;1971;;Times Have Changed;Indelibly Stamped;Supertramp;1971;;1;1;1;1
Tiny Montgomery;The Basement Tapes;Bob Dylan;1975;;Tiny Montgomery;The Basement Tapes;Bob Dylan;1975;;1;1;1;1
To Be Alone With You;Nashville Skyline;Bob Dylan;1969;;To Be Alone With You;Nashville Skyline;Bob Dylan;1969;;1;1;1;1
To Ramona;Another Side Of Bob Dylan;Bob Dylan;1964;;To Ramona;Another Side Of Bob Dylan;Bob Dylan;1964;;1;1;1;1
Tombstone Blues;Highway 61 Revisited;Bob Dylan;1965;;Tombstone Blues;Highway 61 Revisited;Bob Dylan;1965;;1;1;1;1
Tombstone Blues (live);MTV Unplugged;Bob Dylan;1994;;Tombstone Blues (live);MTV Unplugged;Bob Dylan;1994;;1;1;1;1
Tomorrow Night;Good As I Been To You;Bob Dylan;1992;;Tomorrow Night;Good As I Been To You;Bob Dylan;1992;;1;1;1;1
Tonight I'll Be Staying Here With You;Nashville Skyline;Bob Dylan;1969;;Tonight I'll Be Staying Here With You;Nashville Skyline;Bob Dylan;1969;;1;1;1;1
Too Much Of Nothing;The Basement Tapes;Bob Dylan;1975;;Too Much Of Nothing;The Basement Tapes;Bob Dylan;1975;;1;1;1;1
Tough Mama;Planet Waves;Bob Dylan;1974;;Tough Mama;Planet Waves;Bob Dylan;1974;;1;1;1;1
Travelled;Indelibly Stamped;Supertramp;1971;;Travelled;Indelibly Stamped;Supertramp;1971;;1;1;1;1
Trouble;Shot Of Love;Bob Dylan;1981;;Trouble;Shot Of Love;Bob Dylan;1981;;1;1;1;1
True Love Tends To Forget;Street Legal;Bob Dylan;1978;;True Love Tends To Forget;Street Legal;Bob Dylan;1978;;1;1;1;1
Trust Yourself;Empire Burlesque;Bob Dylan;1985;;Trust Yourself;Empire Burlesque;Bob Dylan;1985;;1;1;1;1
Try Again;Supertramp;Supertramp;1970;;Try Again;Supertramp;Supertramp;1970;;1;1;1;1
Tryin' To Get To Heaven;Time Out Of Mind;Bob Dylan;1997;;Tryin' To Get To Heaven;Time Out Of Mind;Bob Dylan;1997;;1;1;1;1
Turkey Chase;Pat Garrett And Billy The Kid;Bob Dylan;1973;;Turkey Chase;Pat Garrett And Billy The Kid;Bob Dylan;1973;;1;1;1;1
Tweedle Dee And Tweedle Dum;Love And Theft;Bob Dylan;2001;;Tweedle Dee And Tweedle Dum;Love And Theft;Bob Dylan;2001;;1;1;1;1
Two Of Us;Crisis? What Crisis;Supertramp;1975;;Two Of Us;Crisis? What Crisis;Supertramp;1975;;1;1;1;1
Two Of Us (live);Paris;Supertramp;1980;;Two Of Us;Retrospectacle - The Supertramp Anthology;Supertramp;2005;;1;#NV;1;#NV
Two Of Us;Retrospectacle - The Supertramp Anthology;Supertramp;2005;;Two Of Us (live);Paris;Supertramp;1980;;#NV;1;1;1
Two Soldiers;World Gone Wrong;Bob Dylan;1993;;Two Soldiers;World Gone Wrong;Bob Dylan;1993;;1;1;1;1
Two Times Two;Under The Red Sky;Bob Dylan;1990;;Two Times Two;Under The Red Sky;Bob Dylan;1990;;1;1;1;1
Ugliest Girl In The World;Down In The Groove;Bob Dylan;1988;;Ugliest Girl In The World;Down In The Groove;Bob Dylan;1988;;1;1;1;1
Unbelievable;Under The Red Sky;Bob Dylan;1990;;Unbelievable;Under The Red Sky;Bob Dylan;1990;;1;1;1;1
Under The Red Sky;Under The Red Sky;Bob Dylan;1990;;Under The Red Sky;Under The Red Sky;Bob Dylan;1990;;1;1;1;1
Under Your Spell;Knocked Out Loaded;Bob Dylan;1986;;Under Your Spell;Knocked Out Loaded;Bob Dylan;1986;;1;1;1;1
Union Sundown;Infidels;Bob Dylan;1983;;Union Sundown;Infidels;Bob Dylan;1983;;1;1;1;1
Up On Cripple Creek (live);Before The Flood;Bob Dylan;1974;;Up On Cripple Creek (live);Before The Flood;Bob Dylan;1974;;1;1;1;1
Visions Of Johanna;Blonde On Blonde;Bob Dylan;1966;;Visions Of Johanna;Blonde On Blonde;Bob Dylan;1966;;1;1;1;1
Waiting So Long;Famous Last Words;Supertramp;1982;;Waiting So Long;Famous Last Words;Supertramp;1982;;1;1;1;1
Waiting So Long;The Very Best Of Supertramp Vol. 2;Supertramp;1992;;Waiting So Long;The Very Best Of Supertramp Vol. 2;Supertramp;1992;;1;1;1;1
Watered-Down Love;Shot Of Love;Bob Dylan;1981;;Watered-Down Love;Shot Of Love;Bob Dylan;1981;;1;1;1;1
We Better Talk This Over;Street Legal;Bob Dylan;1978;;We Better Talk This Over;Street Legal;Bob Dylan;1978;;1;1;1;1
Wedding Song;Planet Waves;Bob Dylan;1974;;Wedding Song;Planet Waves;Bob Dylan;1974;;1;1;1;1
Went To See The Gypsy;New Morning;Bob Dylan;1970;;Went To See The Gypsy;New Morning;Bob Dylan;1970;;1;1;1;1
What Can I Do For You;Saved;Bob Dylan;1980;;What Can I Do For You;Saved;Bob Dylan;1980;;1;1;1;1
What Good Am I;Oh Mercy;Bob Dylan;1989;;What Good Am I;Oh Mercy;Bob Dylan;1989;;1;1;1;1
What Was It You Wanted;Oh Mercy;Bob Dylan;1989;;What Was It You Wanted;Oh Mercy;Bob Dylan;1989;;1;1;1;1
When Did You Leave Heaven;Down In The Groove;Bob Dylan;1988;;When Did You Leave Heaven;Down In The Groove;Bob Dylan;1988;;1;1;1;1
When He Returns;Slow Train Coming;Bob Dylan;1979;;When He Returns;Slow Train Coming;Bob Dylan;1979;;1;1;1;1
When The Deal Goes Down;Modern Times;Bob Dylan;2006;;When The Deal Goes Down;Modern Times;Bob Dylan;2006;;1;1;1;1
When The Night Comes Falling From The Sky;Empire Burlesque;Bob Dylan;1985;;When The Night Comes Falling From The Sky;Empire Burlesque;Bob Dylan;1985;;1;1;1;1
When You Awake (live);Before The Flood;Bob Dylan;1974;;When You Awake (live);Before The Flood;Bob Dylan;1974;;1;1;1;1
When You Gonna Wake Up;Slow Train Coming;Bob Dylan;1979;;When You Gonna Wake Up;Slow Train Coming;Bob Dylan;1979;;1;1;1;1
Where Are You Tonight;Street Legal;Bob Dylan;1978;;Where Are You Tonight;Street Legal;Bob Dylan;1978;;1;1;1;1
Where I Stand;Free As A Bird;Supertramp;1987;;Where I Stand;Free As A Bird;Supertramp;1987;;1;1;1;1
Where Teardrops Fall;Oh Mercy;Bob Dylan;1989;;Where Teardrops Fall;Oh Mercy;Bob Dylan;1989;;1;1;1;1
Where There's A Will;Some Things Never Change;Supertramp;1997;;Where There's A Will;Some Things Never Change;Supertramp;1997;;1;1;1;1
Wiggle Wiggle;Under The Red Sky;Bob Dylan;1990;;Wiggle Wiggle;Under The Red Sky;Bob Dylan;1990;;1;1;1;1
Wigwam;Self Portrait;Bob Dylan;1970;;Wigwam;Self Portrait;Bob Dylan;1970;;1;1;1;1
Winterlude;New Morning;Bob Dylan;1970;;Winterlude;New Morning;Bob Dylan;1970;;1;1;1;1
With God On Our Side (live);MTV Unplugged;Bob Dylan;1994;;With God On Our Side (live);MTV Unplugged;Bob Dylan;1994;;1;1;1;1
Woogie Boogie;Self Portrait;Bob Dylan;1970;;Woogie Boogie;Self Portrait;Bob Dylan;1970;;1;1;1;1
Words Unspoken;Supertramp;Supertramp;1970;;Words Unspoken;Supertramp;Supertramp;1970;;1;1;1;1
Workingman's Blues #2;Modern Times;Bob Dylan;2006;;Workingman's Blues #2;Modern Times;Bob Dylan;2006;;1;1;1;1
World Gone Wrong;World Gone Wrong;Bob Dylan;1993;;World Gone Wrong;World Gone Wrong;Bob Dylan;1993;;1;1;1;1
Yazoo Street Scandal;The Basement Tapes;Bob Dylan;1975;;Yazoo Street Scandal;The Basement Tapes;Bob Dylan;1975;;1;1;1;1
Yea! Heavy And A Bottle Of Bread;The Basement Tapes;Bob Dylan;1975;;Yea! Heavy And A Bottle Of Bread;The Basement Tapes;Bob Dylan;1975;;1;1;1;1
You Ain't Goin' Nowhere;The Basement Tapes;Bob Dylan;1975;;You Ain't Goin' Nowhere;The Basement Tapes;Bob Dylan;1975;;1;1;1;1
You Angel You;Planet Waves;Bob Dylan;1974;;You Angel You;Planet Waves;Bob Dylan;1974;;1;1;1;1
You Never Can Tell With Friends;Free As A Bird;Supertramp;1987;;You Never Can Tell With Friends;Free As A Bird;Supertramp;1987;;1;1;1;1
You Started Laughing (live);Paris;Supertramp;1980;;You Started Laughing;Retrospectacle - The Supertramp Anthology;Supertramp;2005;;1;#NV;1;#NV
You Started Laughing;Retrospectacle - The Supertramp Anthology;Supertramp;2005;;You Started Laughing (live);Paris;Supertramp;1980;;#NV;1;1;1
You Wanna Ramble;Knocked Out Loaded;Bob Dylan;1986;;You Wanna Ramble;Knocked Out Loaded;Bob Dylan;1986;;1;1;1;1
You Win I Lose (live);It Was The Best Of Times;Supertramp;1999;;You Win I Lose;Some Things Never Change;Supertramp;1997;;1;#NV;1;1
You Win I Lose;Some Things Never Change;Supertramp;1997;;You Win I Lose (live);It Was The Best Of Times;Supertramp;1999;;#NV;1;1;#NV
You Win, I Lose;Retrospectacle - The Supertramp Anthology;Supertramp;2005;;You Win, I Lose;Retrospectacle - The Supertramp Anthology;Supertramp;2005;;1;1;1;1
You're A Big Girl Now;Blood On The Tracks;Bob Dylan;1975;;Your Poppa Don't Mind;Indelibly Stamped;Supertramp;1971;;1;#NV;#NV;1
You're A Big Girl Now (live);Hard Rain;Bob Dylan;1976;;Your Poppa Don't Mind;Retrospectacle - The Supertramp Anthology;Supertramp;2005;;1;#NV;#NV;#NV
You're Gonna Make Me Lonesome When You Go;Blood On The Tracks;Bob Dylan;1975;;You're A Big Girl Now;Blood On The Tracks;Bob Dylan;1975;;1;1;1;1
You're Gonna Quit Me;Good As I Been To You;Bob Dylan;1992;;You're A Big Girl Now (live);Hard Rain;Bob Dylan;1976;;1;#NV;1;1
Your Poppa Don't Mind;Indelibly Stamped;Supertramp;1971;;You're Gonna Make Me Lonesome When You Go;Blood On The Tracks;Bob Dylan;1975;;#NV;1;1;#NV
Your Poppa Don't Mind;Retrospectacle - The Supertramp Anthology;Supertramp;2005;;You're Gonna Quit Me;Good As I Been To You;Bob Dylan;1992;;#NV;1;1;1
